megye,telepules,resz,zip
Fejér,Aba,,8127
Jász-Nagykun-Szolnok,Abádszalók,,5241
Baranya,Abaliget,,7678
Heves,Abasár,,3261
Borsod-Abaúj-Zemplén,Abaújalpár,,3882
Borsod-Abaúj-Zemplén,Abaújkér,,3882
Borsod-Abaúj-Zemplén,Abaújlak,,3815
Borsod-Abaúj-Zemplén,Abaújszántó,,3881
Borsod-Abaúj-Zemplén,Abaújszolnok,,3809
Borsod-Abaúj-Zemplén,Abaújvár,,3898
Győr-Moson-Sopron,Abda,,9151
Borsod-Abaúj-Zemplén,Abod,,3753
Pest,Abony,,2740
Veszprém,Ábrahámhegy,,8256
Komárom-Esztergom,Ács,,2941
Pest,Acsa,,2683
Vas,Acsád,,9746
Győr-Moson-Sopron,Acsalag,,9168
Komárom-Esztergom,Ácsteszér,,2887
Heves,Adács,,3292
Somogy,Ádánd,,8653
Veszprém,Adásztevel,,8561
Fejér,Adony,,2457
Veszprém,Adorjánháza,,8497
Baranya,Adorjás,,7841
Baranya,Ág,,7381
Bács-Kiskun,Ágasegyháza,,6076
Győr-Moson-Sopron,Ágfalva,,9423
Borsod-Abaúj-Zemplén,Aggtelek,,3759
Győr-Moson-Sopron,Agyagosszergény,,9441
Szabolcs-Szatmár-Bereg,Ajak,,4524
Veszprém,Ajka,Bakonygyepes,8448
Veszprém,Ajka,,8400
Veszprém,Ajka,Ajkarendek,8447
Veszprém,Ajka,Padragkút,8451
Komárom-Esztergom,Aka,,2862
Bács-Kiskun,Akasztó,,6221
Borsod-Abaúj-Zemplén,Alacska,,3779
Fejér,Alap,,7011
Jász-Nagykun-Szolnok,Alattyán,,5142
Pest,Albertirsa,,2730
Fejér,Alcsútdoboz,,8087
Heves,Aldebrő,,3353
Csongrád-Csanád,Algyő,,6750
Zala,Alibánfa,,8921
Baranya,Almamellék,,7934
Komárom-Esztergom,Almásfüzitő,,2931
Zala,Almásháza,,8935
Békés,Almáskamarás,,5747
Baranya,Almáskeresztúr,,7932
Hajdú-Bihar,Álmosd,,4285
Borsod-Abaúj-Zemplén,Alsóberecki,,3985
Somogy,Alsóbogát,,7443
Borsod-Abaúj-Zemplén,Alsódobsza,,3717
Borsod-Abaúj-Zemplén,Alsógagy,,3837
Baranya,Alsómocsolád,,7345
Tolna,Alsónána,,7147
Pest,Alsónémedi,,2351
Zala,Alsónemesapáti,,8924
Tolna,Alsónyék,,7148
Veszprém,Alsóörs,,8226
Zala,Alsópáhok,,8394
Nógrád,Alsópetény,,2617
Zala,Alsórajk,,8767
Borsod-Abaúj-Zemplén,Alsóregmec,,3989
Zala,Alsószenterzsébet,,8973
Fejér,Alsószentiván,,7012
Baranya,Alsószentmárton,,7826
Vas,Alsószölnök,,9983
Borsod-Abaúj-Zemplén,Alsószuha,,3726
Borsod-Abaúj-Zemplén,Alsótelekes,,3735
Nógrád,Alsótold,,3069
Vas,Alsóújlak,,9842
Borsod-Abaúj-Zemplén,Alsóvadász,,3811
Borsod-Abaúj-Zemplén,Alsózsolca,,3571
Csongrád-Csanád,Ambrózfalva,,6916
Szabolcs-Szatmár-Bereg,Anarcs,,4546
Somogy,Andocs,,8675
Heves,Andornaktálya,,3399
Vas,Andrásfa,,9811
Komárom-Esztergom,Annavölgy,,2529
Veszprém,Apácatorna,,8477
Szabolcs-Szatmár-Bereg,Apagy,,4553
Pest,Apaj,,2345
Tolna,Aparhant,,7186
Csongrád-Csanád,Apátfalva,,6931
Vas,Apátistvánfalva,,9982
Baranya,Apátvarasd,,7720
Heves,Apc,,3032
Pest,Áporka,,2338
Bács-Kiskun,Apostag,,6088
Szabolcs-Szatmár-Bereg,Aranyosapáti,,4634
Baranya,Aranyosgadány,,7671
Borsod-Abaúj-Zemplén,Arka,,3885
Borsod-Abaúj-Zemplén,Arló,,3663
Borsod-Abaúj-Zemplén,Arnót,,3713
Borsod-Abaúj-Zemplén,Ároktő,,3467
Csongrád-Csanád,Árpádhalom,,6623
Győr-Moson-Sopron,Árpás,,9132
Hajdú-Bihar,Ártánd,,4115
Csongrád-Csanád,Ásotthalom,,6783
Győr-Moson-Sopron,Ásványráró,,9177
Borsod-Abaúj-Zemplén,Aszaló,,3841
Komárom-Esztergom,Ászár,,2881
Pest,Aszód,,2170
Veszprém,Aszófő,,8241
Baranya,Áta,,7763
Heves,Átány,,3371
Heves,Atkár,,3213
Tolna,Attala,,7252
Baranya,Babarc,,7757
Baranya,Babarcszőlős,,7814
Somogy,Babócsa,,7584
Komárom-Esztergom,Bábolna,,2943
Somogy,Bábonymegyer,,8658
Zala,Babosdöbréte,,8983
Győr-Moson-Sopron,Babót,,9351
Bács-Kiskun,Bácsalmás,,6430
Bács-Kiskun,Bácsbokod,,6453
Bács-Kiskun,Bácsborsód,,6454
Bács-Kiskun,Bácsszentgyörgy,,6511
Bács-Kiskun,Bácsszőlős,,6425
Veszprém,Badacsonytomaj,Badacsonyörs,8257
Veszprém,Badacsonytomaj,,8258
Veszprém,Badacsonytomaj,Badacsony,8261
Veszprém,Badacsonytördemic,,8263
Pest,Bag,,2191
Hajdú-Bihar,Bagamér,,4286
Zala,Baglad,,8977
Zala,Bagod,,8992
Győr-Moson-Sopron,Bágyogszovát,,9145
Komárom-Esztergom,Baj,,2836
Bács-Kiskun,Baja,,6500
Bács-Kiskun,Baja,Bajaszentistván,6503
Vas,Bajánsenye,,9944
Komárom-Esztergom,Bajna,,2525
Komárom-Esztergom,Bajót,,2533
Zala,Bak,,8945
Somogy,Bakháza,,7585
Baranya,Bakóca,,7393
Hajdú-Bihar,Bakonszeg,,4164
Baranya,Bakonya,,7675
Komárom-Esztergom,Bakonybánk,,2885
Veszprém,Bakonybél,,8427
Fejér,Bakonycsernye,,8056
Győr-Moson-Sopron,Bakonygyirót,,8433
Veszprém,Bakonyjákó,,8581
Veszprém,Bakonykoppány,,8571
Fejér,Bakonykúti,,8046
Veszprém,Bakonynána,,8422
Veszprém,Bakonyoszlop,,8418
Győr-Moson-Sopron,Bakonypéterd,,9088
Veszprém,Bakonypölöske,,8457
Veszprém,Bakonyság,,8557
Komárom-Esztergom,Bakonysárkány,,2861
Veszprém,Bakonyszentiván,,8557
Veszprém,Bakonyszentkirály,,8430
Győr-Moson-Sopron,Bakonyszentlászló,,8431
Komárom-Esztergom,Bakonyszombathely,,2884
Veszprém,Bakonyszücs,,8572
Veszprém,Bakonytamási,,8555
Csongrád-Csanád,Baks,,6768
Baranya,Baksa,,7834
Borsod-Abaúj-Zemplén,Baktakék,,3836
Szabolcs-Szatmár-Bereg,Baktalórántháza,,4561
Zala,Baktüttös,,8946
Borsod-Abaúj-Zemplén,Balajt,,3780
Nógrád,Balassagyarmat,,2660
Csongrád-Csanád,Balástya,,6764
Heves,Balaton,,3347
Veszprém,Balatonakali,,8243
Veszprém,Balatonakarattya,,8172
Veszprém,Balatonalmádi,,8220
Somogy,Balatonberény,,8649
Somogy,Balatonboglár,,8630
Somogy,Balatonboglár,Szőlőskislak,8691
Veszprém,Balatoncsicsó,,8272
Veszprém,Balatonederics,,8312
Somogy,Balatonendréd,,8613
Somogy,Balatonfenyves,,8646
Veszprém,Balatonfőkajár,,8164
Somogy,Balatonföldvár,,8623
Veszprém,Balatonfüred,,8230
Veszprém,Balatonfűzfő,,8175
Veszprém,Balatonfűzfő,Fűzfőgyártelep,8184
Zala,Balatongyörök,,8313
Veszprém,Balatonhenye,,8275
Veszprém,Balatonkenese,,8174
Somogy,Balatonkeresztúr,,8648
Somogy,Balatonlelle,,8638
Zala,Balatonmagyaród,,8753
Somogy,Balatonmáriafürdő,,8647
Somogy,Balatonőszöd,,8637
Veszprém,Balatonrendes,,8255
Somogy,Balatonszabadi,,8651
Somogy,Balatonszárszó,,8624
Somogy,Balatonszemes,,8636
Somogy,Balatonszentgyörgy,,8710
Veszprém,Balatonszepezd,,8252
Veszprém,Balatonszőlős,,8233
Veszprém,Balatonudvari,,8242
Somogy,Balatonújlak,,8712
Somogy,Balatonvilágos,,8171
Fejér,Balinka,Eszény,8054
Fejér,Balinka,,8055
Szabolcs-Szatmár-Bereg,Balkány,,4233
Bács-Kiskun,Ballószög,,6035
Hajdú-Bihar,Balmazújváros,,4060
Vas,Balogunyom,,9771
Bács-Kiskun,Balotaszállás,,6412
Szabolcs-Szatmár-Bereg,Balsa,,4468
Somogy,Bálványos,,8614
Komárom-Esztergom,Bana,,2944
Veszprém,Bánd,,8443
Baranya,Bánfa,,7914
Borsod-Abaúj-Zemplén,Bánhorváti,,3642
Nógrád,Bánk,,2653
Zala,Bánokszentgyörgy,,8891
Borsod-Abaúj-Zemplén,Bánréve,,3654
Baranya,Bár,,7711
Szabolcs-Szatmár-Bereg,Barabás,,4937
Fejér,Baracs,,2426
Fejér,Baracs,Apátszállás,2427
Fejér,Baracska,,2471
Hajdú-Bihar,Báránd,,4161
Baranya,Baranyahídvég,,7841
Baranya,Baranyajenő,,7384
Baranya,Baranyaszentgyörgy,,7383
Győr-Moson-Sopron,Barbacs,,9169
Somogy,Barcs,,7570
Somogy,Barcs,Somogytarnóca,7557
Somogy,Bárdudvarnok,,7478
Zala,Barlahida,,8948
Nógrád,Bárna,,3126
Veszprém,Barnag,,8291
Komárom-Esztergom,Bársonyos,,2883
Baranya,Basal,,7923
Borsod-Abaúj-Zemplén,Baskó,,3881
Tolna,Báta,,7149
Tolna,Bátaapáti,,7164
Tolna,Bátaszék,,7140
Somogy,Baté,,7258
Bács-Kiskun,Bátmonostor,,6528
Nógrád,Bátonyterenye,Kisterenye,3078
Nógrád,Bátonyterenye,,3070
Heves,Bátor,,3336
Szabolcs-Szatmár-Bereg,Bátorliget,,4343
Békés,Battonya,,5830
Bács-Kiskun,Bátya,,6351
Zala,Batyk,,8797
Zala,Bázakerettye,,8887
Veszprém,Bazsi,,8352
Veszprém,Béb,,8565
Zala,Becsehely,,8866
Nógrád,Becske,,2693
Borsod-Abaúj-Zemplén,Becskeháza,,3768
Zala,Becsvölgye,,8985
Somogy,Bedegkér,,8666
Hajdú-Bihar,Bedő,,4128
Vas,Bejcgyertyános,,9683
Veszprém,Békás,,8515
Borsod-Abaúj-Zemplén,Bekecs,,3903
Békés,Békés,,5630
Békés,Békéscsaba,Mezőmegyer,5671
Békés,Békéscsaba,,5600
Békés,Békéscsaba,Gerla,5623
Békés,Békéssámson,,5946
Békés,Békésszentandrás,,5561
Heves,Bekölce,,3343
Heves,Bélapátfalva,,3346
Somogy,Bélavár,,7589
Tolna,Belecska,,7061
Győr-Moson-Sopron,Beled,,9343
Somogy,Beleg,,7543
Zala,Belezna,,8855
Békés,Bélmegyer,,5643
Fejér,Beloiannisz,,2455
Zala,Belsősárd,,8978
Baranya,Belvárdgyula,,7747
Szabolcs-Szatmár-Bereg,Benk,,4643
Pest,Bénye,,2216
Nógrád,Bér,,3045
Vas,Bérbaltavár,,9831
Nógrád,Bercel,,2687
Szabolcs-Szatmár-Bereg,Beregdaróc,,4934
Szabolcs-Szatmár-Bereg,Beregsurány,,4933
Hajdú-Bihar,Berekböszörmény,,4116
Jász-Nagykun-Szolnok,Berekfürdő,,5309
Baranya,Beremend,,7827
Borsod-Abaúj-Zemplén,Berente,,3704
Borsod-Abaúj-Zemplén,Beret,,3834
Hajdú-Bihar,Berettyóújfalu,,4100
Veszprém,Berhida,Peremartongyártelep,8182
Veszprém,Berhida,,8181
Nógrád,Berkenye,,2641
Baranya,Berkesd,,7664
Szabolcs-Szatmár-Bereg,Berkesz,,4521
Pest,Bernecebaráti,,2639
Borsod-Abaúj-Zemplén,Berzék,,3575
Somogy,Berzence,,7516
Baranya,Besence,,7838
Szabolcs-Szatmár-Bereg,Besenyőd,,4557
Heves,Besenyőtelek,,3373
Jász-Nagykun-Szolnok,Besenyszög,,5071
Fejér,Besnyő,,2456
Szabolcs-Szatmár-Bereg,Beszterec,,4488
Baranya,Bezedek,,7782
Győr-Moson-Sopron,Bezenye,,9223
Zala,Bezeréd,,8934
Győr-Moson-Sopron,Bezi,,9162
Pest,Biatorbágy,,2051
Baranya,Bicsérd,,7671
Fejér,Bicske,,2060
Hajdú-Bihar,Bihardancsháza,,4175
Hajdú-Bihar,Biharkeresztes,,4110
Hajdú-Bihar,Biharnagybajom,,4172
Hajdú-Bihar,Bihartorda,,4174
Békés,Biharugra,,5538
Tolna,Bikács,,7043
Baranya,Bikal,,7346
Szabolcs-Szatmár-Bereg,Biri,,4235
Baranya,Birján,,7747
Baranya,Bisse,,7811
Vas,Boba,,9542
Zala,Bocfölde,,8943
Heves,Boconád,,3368
Bács-Kiskun,Bócsa,,6235
Zala,Bocska,,8776
Hajdú-Bihar,Bocskaikert,,4241
Baranya,Boda,,7672
Fejér,Bodajk,,8053
Fejér,Bodmér,,8080
Baranya,Bodolyabér,,7394
Győr-Moson-Sopron,Bodonhely,,9134
Heves,Bodony,,3243
Veszprém,Bodorfa,,8471
Somogy,Bodrog,,7439
Borsod-Abaúj-Zemplén,Bodroghalom,,3987
Borsod-Abaúj-Zemplén,Bodrogkeresztúr,,3916
Borsod-Abaúj-Zemplén,Bodrogkisfalud,,3917
Borsod-Abaúj-Zemplén,Bodrogolaszi,,3943
Borsod-Abaúj-Zemplén,Bódvalenke,,3768
Borsod-Abaúj-Zemplén,Bódvarákó,,3764
Borsod-Abaúj-Zemplén,Bódvaszilas,,3763
Borsod-Abaúj-Zemplén,Bogács,,3412
Baranya,Bogád,,7742
Baranya,Bogádmindszent,,7836
Baranya,Bogdása,,7966
Tolna,Bogyiszló,,7132
Győr-Moson-Sopron,Bogyoszló,,9324
Hajdú-Bihar,Bojt,,4114
Zala,Bókaháza,,8741
Komárom-Esztergom,Bokod,,2855
Nógrád,Bokor,,3066
Heves,Boldog,,3016
Baranya,Boldogasszonyfa,,7937
Borsod-Abaúj-Zemplén,Boldogkőújfalu,,3884
Borsod-Abaúj-Zemplén,Boldogkőváralja,,3885
Borsod-Abaúj-Zemplén,Boldva,,3794
Somogy,Bolhás,,7517
Somogy,Bolhó,,7586
Baranya,Bóly,,7754
Zala,Boncodfölde,,8992
Tolna,Bonyhád,,7150
Tolna,Bonyhád,Majos,7187
Tolna,Bonyhádvarasd,,7158
Somogy,Bonnya,,7281
Csongrád-Csanád,Bordány,,6795
Vas,Borgáta,,9554
Baranya,Borjád,,7756
Bács-Kiskun,Borota,,6445
Zala,Borsfa,,8885
Borsod-Abaúj-Zemplén,Borsodbóta,,3658
Borsod-Abaúj-Zemplén,Borsodgeszt,,3426
Borsod-Abaúj-Zemplén,Borsodivánka,,3462
Borsod-Abaúj-Zemplén,Borsodnádasd,,3671
Borsod-Abaúj-Zemplén,Borsodnádasd,Lemezgyár,3672
Borsod-Abaúj-Zemplén,Borsodszentgyörgy,,3623
Borsod-Abaúj-Zemplén,Borsodszirák,,3796
Nógrád,Borsosberény,,2644
Veszprém,Borszörcsök,,8479
Veszprém,Borzavár,,8428
Baranya,Bosta,,7811
Szabolcs-Szatmár-Bereg,Botpalád,,4955
Baranya,Botykapeterd,,7900
Vas,Bozzai,,9752
Vas,Bozsok,,9727
Borsod-Abaúj-Zemplén,Bózsva,,3994
Vas,Bő,,9625
Borsod-Abaúj-Zemplén,Bőcs,,3574
Zala,Böde,,8991
Zala,Bödeháza,,8969
Vas,Bögöt,,9612
Vas,Bögöte,,9675
Somogy,Böhönye,,8719
Szabolcs-Szatmár-Bereg,Bököny,,4231
Tolna,Bölcske,,7025
Győr-Moson-Sopron,Bőny,,9073
Győr-Moson-Sopron,Börcs,,9152
Zala,Börzönce,,8772
Győr-Moson-Sopron,Bősárkány,,9167
Somogy,Bőszénfa,,7475
Békés,Bucsa,,5527
Vas,Bucsu,,9792
Zala,Búcsúszentlászló,,8925
Zala,Bucsuta,,8893
Pest,Budajenő,,2093
Pest,Budakalász,,2011
Pest,Budakeszi,,2092
Pest,Budaörs,,2040
Budapest,Budapest 01. ker.,,1015
Budapest,Budapest 01. ker.,,1016
Budapest,Budapest 01. ker.,,1011
Budapest,Budapest 01. ker.,,1014
Budapest,Budapest 01. ker.,,1012
Budapest,Budapest 01. ker.,,1013
Budapest,Budapest 02. ker.,,1022
Budapest,Budapest 02. ker.,,1025
Budapest,Budapest 02. ker.,,1023
Budapest,Budapest 02. ker.,,1027
Budapest,Budapest 02. ker.,,1026
Budapest,Budapest 02. ker.,,1028
Budapest,Budapest 02. ker.,,1024
Budapest,Budapest 02. ker.,,1021
Budapest,Budapest 02. ker.,,1029
Budapest,Budapest 03. ker.,,1032
Budapest,Budapest 03. ker.,,1039
Budapest,Budapest 03. ker.,,1036
Budapest,Budapest 03. ker.,,1031
Budapest,Budapest 03. ker.,,1038
Budapest,Budapest 03. ker.,,1033
Budapest,Budapest 03. ker.,,1034
Budapest,Budapest 03. ker.,,1035
Budapest,Budapest 03. ker.,,1037
Budapest,Budapest 04. ker.,,1047
Budapest,Budapest 04. ker.,,1044
Budapest,Budapest 04. ker.,,1043
Budapest,Budapest 04. ker.,,1042
Budapest,Budapest 04. ker.,,1041
Budapest,Budapest 04. ker.,,1045
Budapest,Budapest 04. ker.,,1046
Budapest,Budapest 04. ker.,,1048
Budapest,Budapest 05. ker.,,1054
Budapest,Budapest 05. ker.,,1055
Budapest,Budapest 05. ker.,,1053
Budapest,Budapest 05. ker.,,1056
Budapest,Budapest 05. ker.,,1052
Budapest,Budapest 05. ker.,,1051
Budapest,Budapest 06. ker.,,1063
Budapest,Budapest 06. ker.,,1064
Budapest,Budapest 06. ker.,,1065
Budapest,Budapest 06. ker.,,1067
Budapest,Budapest 06. ker.,,1061
Budapest,Budapest 06. ker.,,1062
Budapest,Budapest 06. ker.,,1066
Budapest,Budapest 06. ker.,,1068
Budapest,Budapest 07. ker.,,1073
Budapest,Budapest 07. ker.,,1071
Budapest,Budapest 07. ker.,,1074
Budapest,Budapest 07. ker.,,1078
Budapest,Budapest 07. ker.,,1072
Budapest,Budapest 07. ker.,,1076
Budapest,Budapest 07. ker.,,1075
Budapest,Budapest 07. ker.,,1077
Budapest,Budapest 08. ker.,,1085
Budapest,Budapest 08. ker.,,1081
Budapest,Budapest 08. ker.,,1086
Budapest,Budapest 08. ker.,,1088
Budapest,Budapest 08. ker.,,1089
Budapest,Budapest 08. ker.,,1083
Budapest,Budapest 08. ker.,,1084
Budapest,Budapest 08. ker.,,1082
Budapest,Budapest 08. ker.,,1087
Budapest,Budapest 09. ker.,,1097
Budapest,Budapest 09. ker.,,1094
Budapest,Budapest 09. ker.,,1091
Budapest,Budapest 09. ker.,,1095
Budapest,Budapest 09. ker.,,1093
Budapest,Budapest 09. ker.,,1092
Budapest,Budapest 09. ker.,,1098
Budapest,Budapest 09. ker.,,1096
Budapest,Budapest 10. ker.,,1107
Budapest,Budapest 10. ker.,,1106
Budapest,Budapest 10. ker.,,1104
Budapest,Budapest 10. ker.,,1102
Budapest,Budapest 10. ker.,,1103
Budapest,Budapest 10. ker.,,1108
Budapest,Budapest 10. ker.,,1105
Budapest,Budapest 10. ker.,,1101
Budapest,Budapest 11. ker.,,1117
Budapest,Budapest 11. ker.,,1119
Budapest,Budapest 11. ker.,,1116
Budapest,Budapest 11. ker.,,1111
Budapest,Budapest 11. ker.,,1114
Budapest,Budapest 11. ker.,,1112
Budapest,Budapest 11. ker.,,1118
Budapest,Budapest 11. ker.,,1115
Budapest,Budapest 11. ker.,,1113
Budapest,Budapest 12. ker.,,1122
Budapest,Budapest 12. ker.,,1126
Budapest,Budapest 12. ker.,,1124
Budapest,Budapest 12. ker.,,1121
Budapest,Budapest 12. ker.,,1123
Budapest,Budapest 12. ker.,,1125
Budapest,Budapest 13. ker.,,1135
Budapest,Budapest 13. ker.,,1131
Budapest,Budapest 13. ker.,,1139
Budapest,Budapest 13. ker.,,1133
Budapest,Budapest 13. ker.,,1134
Budapest,Budapest 13. ker.,,1007
Budapest,Budapest 13. ker.,,1132
Budapest,Budapest 13. ker.,,1136
Budapest,Budapest 13. ker.,,1137
Budapest,Budapest 13. ker.,,1138
Budapest,Budapest 14. ker.,,1142
Budapest,Budapest 14. ker.,,1141
Budapest,Budapest 14. ker.,,1147
Budapest,Budapest 14. ker.,,1145
Budapest,Budapest 14. ker.,,1149
Budapest,Budapest 14. ker.,,1148
Budapest,Budapest 14. ker.,,1146
Budapest,Budapest 14. ker.,,1143
Budapest,Budapest 14. ker.,,1144
Budapest,Budapest 15. ker.,,1153
Budapest,Budapest 15. ker.,,1157
Budapest,Budapest 15. ker.,,1151
Budapest,Budapest 15. ker.,,1152
Budapest,Budapest 15. ker.,,1154
Budapest,Budapest 15. ker.,,1155
Budapest,Budapest 15. ker.,,1156
Budapest,Budapest 15. ker.,,1158
Budapest,Budapest 16. ker.,,1162
Budapest,Budapest 16. ker.,,1165
Budapest,Budapest 16. ker.,,1161
Budapest,Budapest 16. ker.,,1164
Budapest,Budapest 16. ker.,,1163
Budapest,Budapest 17. ker.,,1174
Budapest,Budapest 17. ker.,,1173
Budapest,Budapest 17. ker.,,1172
Budapest,Budapest 17. ker.,,1171
Budapest,Budapest 18. ker.,,1183
Budapest,Budapest 18. ker.,,1182
Budapest,Budapest 18. ker.,,1185
Budapest,Budapest 18. ker.,,1184
Budapest,Budapest 18. ker.,,1186
Budapest,Budapest 18. ker.,,1188
Budapest,Budapest 18. ker.,,1181
Budapest,Budapest 19. ker.,,1192
Budapest,Budapest 19. ker.,,1193
Budapest,Budapest 19. ker.,,1191
Budapest,Budapest 19. ker.,,1196
Budapest,Budapest 19. ker.,,1195
Budapest,Budapest 19. ker.,,1194
Budapest,Budapest 20. ker.,,1205
Budapest,Budapest 20. ker.,,1202
Budapest,Budapest 20. ker.,,1203
Budapest,Budapest 20. ker.,,1201
Budapest,Budapest 20. ker.,,1204
Budapest,Budapest 21. ker.,,1215
Budapest,Budapest 21. ker.,,1213
Budapest,Budapest 21. ker.,,1212
Budapest,Budapest 21. ker.,,1214
Budapest,Budapest 21. ker.,,1211
Budapest,Budapest 22. ker.,,1222
Budapest,Budapest 22. ker.,,1221
Budapest,Budapest 22. ker.,,1225
Budapest,Budapest 22. ker.,,1223
Budapest,Budapest 22. ker.,,1224
Budapest,Budapest 23. ker.,,1238
Budapest,Budapest 23. ker.,,1239
Budapest,Budapest 23. ker.,,1237
Bács-Kiskun,Bugac,,6114
Bács-Kiskun,Bugacpusztaháza,,6114
Pest,Bugyi,,2347
Szabolcs-Szatmár-Bereg,Buj,,4483
Nógrád,Buják,,3047
Somogy,Buzsák,,8695
Vas,Bük,Bükfürdő,9740
Vas,Bük,,9737
Borsod-Abaúj-Zemplén,Bükkábrány,,3422
Borsod-Abaúj-Zemplén,Bükkaranyos,,3554
Borsod-Abaúj-Zemplén,Bükkmogyorósd,,3648
Baranya,Bükkösd,,7682
Heves,Bükkszék,,3335
Heves,Bükkszenterzsébet,,3257
Borsod-Abaúj-Zemplén,Bükkszentkereszt,,3557
Heves,Bükkszentmárton,,3346
Borsod-Abaúj-Zemplén,Bükkzsérc,,3414
Baranya,Bürüs,,7973
Somogy,Büssü,,7273
Borsod-Abaúj-Zemplén,Büttös,,3821
Vas,Cák,,9725
Győr-Moson-Sopron,Cakóháza,,9165
Fejér,Cece,,7013
Szabolcs-Szatmár-Bereg,Cégénydányád,,4732
Pest,Cegléd,,2700
Pest,Cegléd,Budai út,2738
Pest,Ceglédbercel,,2737
Vas,Celldömölk,,9500
Vas,Celldömölk,Izsákfa,9541
Nógrád,Cered,,3123
Vas,Chernelházadamonya,,9624
Jász-Nagykun-Szolnok,Cibakháza,,5462
Borsod-Abaúj-Zemplén,Cigánd,,3973
Tolna,Cikó,,7161
Győr-Moson-Sopron,Cirák,,9364
Baranya,Cún,,7843
Békés,Csabacsűd,,5551
Békés,Csabaszabadi,,5609
Fejér,Csabdi,,2064
Veszprém,Csabrendek,,8474
Győr-Moson-Sopron,Csáfordjánosfa,,9375
Szabolcs-Szatmár-Bereg,Csaholc,,4967
Veszprém,Csajág,,8163
Somogy,Csákány,,8735
Vas,Csákánydoroszló,,9919
Fejér,Csákberény,,8073
Fejér,Csákvár,,8083
Csongrád-Csanád,Csanádalberti,,6915
Békés,Csanádapáca,,5662
Csongrád-Csanád,Csanádpalota,,6913
Vas,Csánig,,9654
Heves,Csány,,3015
Baranya,Csányoszró,,7964
Csongrád-Csanád,Csanytelek,,6647
Zala,Csapi,,8756
Győr-Moson-Sopron,Csapod,,9372
Békés,Csárdaszállás,,5621
Baranya,Csarnóta,,7811
Szabolcs-Szatmár-Bereg,Csaroda,,4844
Komárom-Esztergom,Császár,,2858
Bács-Kiskun,Császártöltés,,6239
Szabolcs-Szatmár-Bereg,Császló,,4973
Bács-Kiskun,Csátalja,,6523
Zala,Csatár,,8943
Jász-Nagykun-Szolnok,Csataszög,,5064
Komárom-Esztergom,Csatka,,2888
Bács-Kiskun,Csávoly,,6448
Baranya,Csebény,,7935
Nógrád,Csécse,,3052
Szabolcs-Szatmár-Bereg,Csegöld,,4742
Veszprém,Csehbánya,,8445
Vas,Csehi,,9833
Vas,Csehimindszent,,9834
Komárom-Esztergom,Csém,,2949
Pest,Csemő,,2713
Vas,Csempeszkopács,,9764
Csongrád-Csanád,Csengele,,6765
Szabolcs-Szatmár-Bereg,Csenger,,4765
Szabolcs-Szatmár-Bereg,Csengersima,,4743
Szabolcs-Szatmár-Bereg,Csengerújfalu,,4764
Bács-Kiskun,Csengőd,,6222
Vas,Csénye,,9611
Borsod-Abaúj-Zemplén,Csenyéte,,3837
Komárom-Esztergom,Csép,,2946
Jász-Nagykun-Szolnok,Csépa,,5475
Vas,Csepreg,,9735
Győr-Moson-Sopron,Csér,,9375
Baranya,Cserdi,,7683
Somogy,Cserénfa,,7472
Borsod-Abaúj-Zemplén,Cserépfalu,,3413
Borsod-Abaúj-Zemplén,Cserépváralja,,3417
Nógrád,Cserháthaláp,,2694
Nógrád,Cserhátsurány,,2676
Nógrád,Cserhátszentiván,,3066
Jász-Nagykun-Szolnok,Cserkeszőlő,,5465
Baranya,Cserkút,,7673
Borsod-Abaúj-Zemplén,Csernely,,3648
Zala,Cserszegtomaj,,8372
Zala,Csertalakos,,8951
Baranya,Csertő,,7900
Veszprém,Csesznek,,8419
Zala,Csesztreg,,8973
Nógrád,Csesztve,,2678
Veszprém,Csetény,,8417
Pest,Csévharaszt,,2212
Tolna,Csibrák,,7225
Bács-Kiskun,Csikéria,,6424
Tolna,Csikóstőttős,,7341
Győr-Moson-Sopron,Csikvánd,,9127
Borsod-Abaúj-Zemplén,Csincse,,3442
Vas,Csipkerek,,9836
Nógrád,Csitár,,2673
Borsod-Abaúj-Zemplén,Csobád,,3848
Borsod-Abaúj-Zemplén,Csobaj,,3927
Pest,Csobánka,,2014
Fejér,Csókakő,,8074
Somogy,Csokonyavisonta,,7555
Borsod-Abaúj-Zemplén,Csokvaomány,,3647
Komárom-Esztergom,Csolnok,,2521
Bács-Kiskun,Csólyospálos,,6135
Somogy,Csoma,,7253
Pest,Csomád,,2161
Somogy,Csombárd,,7432
Csongrád-Csanád,Csongrád,Bokros,6648
Csongrád-Csanád,Csongrád,,6640
Zala,Csonkahegyhát,,8918
Baranya,Csonkamindszent,,7940
Veszprém,Csopak,,8229
Fejér,Csór,,8041
Győr-Moson-Sopron,Csorna,Földsziget,9168
Győr-Moson-Sopron,Csorna,,9300
Békés,Csorvás,,5920
Veszprém,Csót,,8558
Zala,Csöde,,8999
Veszprém,Csögle,,8495
Hajdú-Bihar,Csökmő,,4145
Somogy,Csököly,,7526
Somogy,Csömend,,8700
Zala,Csömödér,,8957
Pest,Csömör,,2141
Vas,Csönge,,9513
Zala,Csörnyeföld,,8873
Pest,Csörög,,2135
Vas,Csörötnek,,9962
Fejér,Csősz,,8122
Pest,Csővár,,2615
Somogy,Csurgó,,8840
Somogy,Csurgónagymarton,,8840
Pest,Dabas,,2370
Pest,Dabas,Sári,2371
Pest,Dabas,Gyón,2373
Veszprém,Dabronc,,8345
Veszprém,Dabrony,,8485
Komárom-Esztergom,Dad,,2854
Komárom-Esztergom,Dág,,2522
Veszprém,Dáka,,8592
Tolna,Dalmand,,7211
Borsod-Abaúj-Zemplén,Damak,,3780
Borsod-Abaúj-Zemplén,Dámóc,,3978
Pest,Dánszentmiklós,,2735
Pest,Dány,,2118
Vas,Daraboshegy,,9917
Somogy,Darány,,7988
Szabolcs-Szatmár-Bereg,Darnó,,4737
Győr-Moson-Sopron,Darnózseli,,9232
Fejér,Daruszentmiklós,,2423
Hajdú-Bihar,Darvas,,4144
Bács-Kiskun,Dávod,,6524
Nógrád,Debercsény,,2694
Hajdú-Bihar,Debrecen,,4042
Hajdú-Bihar,Debrecen,,4033
Hajdú-Bihar,Debrecen,,4027
Hajdú-Bihar,Debrecen,,4028
Hajdú-Bihar,Debrecen,,4030
Hajdú-Bihar,Debrecen,,4000
Hajdú-Bihar,Debrecen,,4029
Hajdú-Bihar,Debrecen,,4225
Hajdú-Bihar,Debrecen,,4025
Hajdú-Bihar,Debrecen,,4026
Hajdú-Bihar,Debrecen,,4063
Hajdú-Bihar,Debrecen,,4034
Hajdú-Bihar,Debrecen,,4079
Hajdú-Bihar,Debrecen,,4078
Hajdú-Bihar,Debrecen,,4032
Hajdú-Bihar,Debrecen,,4031
Hajdú-Bihar,Debrecen,,4024
Hajdú-Bihar,Debrecen,,4002
Borsod-Abaúj-Zemplén,Debréte,,3825
Tolna,Decs,,7144
Borsod-Abaúj-Zemplén,Dédestapolcsány,,3643
Fejér,Dég,,8135
Nógrád,Dejtár,,2649
Pest,Délegyháza,,2337
Szabolcs-Szatmár-Bereg,Demecser,,4516
Heves,Demjén,,3395
Baranya,Dencsháza,,7915
Győr-Moson-Sopron,Dénesfa,,9365
Hajdú-Bihar,Derecske,,4130
Csongrád-Csanád,Derekegyház,,6621
Csongrád-Csanád,Deszk,,6772
Borsod-Abaúj-Zemplén,Detek,,3834
Heves,Detk,,3275
Békés,Dévaványa,,5510
Veszprém,Devecser,,8460
Baranya,Dinnyeberki,,7683
Tolna,Diósberény,,7072
Pest,Diósd,,2049
Nógrád,Diósjenő,,2643
Zala,Dióskál,,8764
Baranya,Diósviszló,,7817
Veszprém,Doba,,8482
Békés,Doboz,,5624
Zala,Dobri,,8874
Zala,Dobronhegy,,8989
Csongrád-Csanád,Dóc,,6766
Borsod-Abaúj-Zemplén,Domaháza,,3627
Csongrád-Csanád,Domaszék,,6781
Békés,Dombegyház,,5836
Békés,Dombiratos,,5745
Tolna,Dombóvár,,7200
Szabolcs-Szatmár-Bereg,Dombrád,,4492
Pest,Domony,,2182
Heves,Domoszló,,3263
Heves,Dormánd,,3374
Komárom-Esztergom,Dorog,,2510
Nógrád,Dorogháza,,3153
Vas,Dozmat,,9791
Vas,Döbörhegy,,9914
Zala,Döbröce,,8357
Tolna,Döbrököz,,7228
Veszprém,Döbrönte,,8597
Szabolcs-Szatmár-Bereg,Döge,,4495
Komárom-Esztergom,Dömös,,2027
Pest,Dömsöd,,2344
Győr-Moson-Sopron,Dör,,9147
Veszprém,Dörgicse,,8244
Vas,Döröske,,9913
Zala,Dötk,,8799
Borsod-Abaúj-Zemplén,Dövény,,3721
Bács-Kiskun,Drágszél,,6342
Baranya,Drávacsehi,,7849
Baranya,Drávacsepely,,7846
Baranya,Drávafok,,7967
Somogy,Drávagárdony,,7977
Baranya,Drávaiványi,,7960
Baranya,Drávakeresztúr,,7967
Baranya,Drávapalkonya,,7850
Baranya,Drávapiski,,7843
Baranya,Drávaszabolcs,,7851
Baranya,Drávaszerdahely,,7847
Baranya,Drávasztára,,7960
Somogy,Drávatamási,,7979
Nógrád,Drégelypalánk,,2646
Borsod-Abaúj-Zemplén,Dubicsány,,3635
Veszprém,Dudar,,8416
Vas,Duka,,9556
Komárom-Esztergom,Dunaalmás,,2545
Pest,Dunabogdány,,2023
Bács-Kiskun,Dunaegyháza,,6323
Bács-Kiskun,Dunafalva,,6513
Tolna,Dunaföldvár,,7020
Pest,Dunaharaszti,,2330
Pest,Dunakeszi,,2120
Győr-Moson-Sopron,Dunakiliti,,9225
Bács-Kiskun,Dunapataj,,6328
Győr-Moson-Sopron,Dunaremete,,9235
Győr-Moson-Sopron,Dunaszeg,,9174
Baranya,Dunaszekcső,,7712
Bács-Kiskun,Dunaszentbenedek,,6333
Tolna,Dunaszentgyörgy,,7135
Komárom-Esztergom,Dunaszentmiklós,,2897
Győr-Moson-Sopron,Dunaszentpál,,9175
Győr-Moson-Sopron,Dunasziget,,9226
Bács-Kiskun,Dunatetétlen,,6325
Fejér,Dunaújváros,,2400
Fejér,Dunaújváros,Pálhalma,2407
Pest,Dunavarsány,,2336
Bács-Kiskun,Dunavecse,,6087
Bács-Kiskun,Dusnok,,6353
Tolna,Dúzs,,7224
Győr-Moson-Sopron,Ebergőc,,9451
Hajdú-Bihar,Ebes,,4211
Győr-Moson-Sopron,Écs,,9083
Heves,Ecséd,,3013
Nógrád,Ecseg,,3053
Békés,Ecsegfalva,,5515
Somogy,Ecseny,,7457
Pest,Ecser,,2233
Somogy,Edde,,7443
Borsod-Abaúj-Zemplén,Edelény,Finke,3783
Borsod-Abaúj-Zemplén,Edelény,,3780
Győr-Moson-Sopron,Edve,,9343
Heves,Eger,,3300
Baranya,Egerág,,7763
Veszprém,Egeralja,,8497
Zala,Egeraracsa,,8765
Heves,Egerbakta,,3321
Heves,Egerbocs,,3337
Heves,Egercsehi,,3341
Heves,Egerfarmos,,3379
Borsod-Abaúj-Zemplén,Egerlövő,,3461
Heves,Egerszalók,,3394
Heves,Egerszólát,,3328
Borsod-Abaúj-Zemplén,Égerszög,,3757
Zala,Egervár,,8913
Vas,Egervölgy,,9684
Győr-Moson-Sopron,Egyed,,9314
Hajdú-Bihar,Egyek,,4069
Hajdú-Bihar,Egyek,Telekháza,4067
Nógrád,Egyházasdengeleg,,3043
Győr-Moson-Sopron,Egyházasfalu,,9473
Nógrád,Egyházasgerge,,3185
Baranya,Egyházasharaszti,,7824
Vas,Egyházashetye,,9554
Vas,Egyházashollós,,9781
Veszprém,Egyházaskesző,,8523
Baranya,Egyházaskozár,,7347
Vas,Egyházasrádóc,,9783
Békés,Elek,,5742
Baranya,Ellend,,7744
Fejér,Előszállás,,2424
Borsod-Abaúj-Zemplén,Emőd,,3432
Borsod-Abaúj-Zemplén,Encs,,3860
Szabolcs-Szatmár-Bereg,Encsencs,,4374
Nógrád,Endrefalva,,3165
Baranya,Endrőc,,7973
Győr-Moson-Sopron,Enese,,9143
Fejér,Enying,,8130
Fejér,Enying,Balatonbozsok,8131
Csongrád-Csanád,Eperjes,,6624
Szabolcs-Szatmár-Bereg,Eperjeske,,4646
Veszprém,Eplény,,8413
Komárom-Esztergom,Epöl,,2526
Fejér,Ercsi,,2451
Fejér,Ercsi,Sinatelep,2453
Pest,Érd,,2030
Borsod-Abaúj-Zemplén,Erdőbénye,,3932
Borsod-Abaúj-Zemplén,Erdőhorváti,,3935
Pest,Erdőkertes,,2113
Heves,Erdőkövesd,,3252
Nógrád,Erdőkürt,,2176
Baranya,Erdősmárok,,7735
Baranya,Erdősmecske,,7723
Nógrád,Erdőtarcsa,,2177
Heves,Erdőtelek,,3358
Heves,Erk,,3295
Szabolcs-Szatmár-Bereg,Érpatak,,4245
Bács-Kiskun,Érsekcsanád,,6347
Bács-Kiskun,Érsekhalma,,6348
Nógrád,Érsekvadkert,,2659
Tolna,Értény,,7093
Baranya,Erzsébet,,7661
Hajdú-Bihar,Esztár,,4124
Zala,Eszteregnye,,8882
Zala,Esztergályhorváti,,8742
Komárom-Esztergom,Esztergom,,2500
Komárom-Esztergom,Esztergom,Pilisszentlélek,2508
Komárom-Esztergom,Esztergom,Kertváros,2509
Komárom-Esztergom,Ete,,2947
Nógrád,Etes,,3136
Fejér,Etyek,,2091
Szabolcs-Szatmár-Bereg,Fábiánháza,,4354
Csongrád-Csanád,Fábiánsebestyén,,6625
Tolna,Fácánkert,,7136
Tolna,Fadd,,7133
Borsod-Abaúj-Zemplén,Fáj,,3865
Bács-Kiskun,Fajsz,,6352
Borsod-Abaúj-Zemplén,Fancsal,,3855
Győr-Moson-Sopron,Farád,,9321
Veszprém,Farkasgyepű,,8582
Borsod-Abaúj-Zemplén,Farkaslyuk,,3608
Pest,Farmos,,2765
Baranya,Fazekasboda,,7732
Heves,Fedémes,,3255
Jász-Nagykun-Szolnok,Fegyvernek,Szapárfalu,5213
Jász-Nagykun-Szolnok,Fegyvernek,,5231
Szabolcs-Szatmár-Bereg,Fehérgyarmat,,4900
Győr-Moson-Sopron,Fehértó,,9163
Fejér,Fehérvárcsurgó,,8052
Baranya,Feked,,7724
Győr-Moson-Sopron,Feketeerdő,,9211
Fejér,Felcsút,,8086
Heves,Feldebrő,,3352
Csongrád-Csanád,Felgyő,,6645
Győr-Moson-Sopron,Felpéc,,9122
Borsod-Abaúj-Zemplén,Felsőberecki,,3985
Vas,Felsőcsatár,,9794
Borsod-Abaúj-Zemplén,Felsődobsza,,3847
Baranya,Felsőegerszeg,,7370
Borsod-Abaúj-Zemplén,Felsőgagy,,3837
Vas,Felsőjánosfa,,9934
Borsod-Abaúj-Zemplén,Felsőkelecsény,,3722
Bács-Kiskun,Felsőlajos,,6055
Vas,Felsőmarác,,9918
Somogy,Felsőmocsolád,,7456
Tolna,Felsőnána,,7175
Borsod-Abaúj-Zemplén,Felsőnyárád,,3721
Tolna,Felsőnyék,,7099
Veszprém,Felsőörs,,8227
Zala,Felsőpáhok,,8395
Pest,Felsőpakony,,2363
Nógrád,Felsőpetény,,2611
Zala,Felsőrajk,,8767
Borsod-Abaúj-Zemplén,Felsőregmec,,3989
Zala,Felsőszenterzsébet,,8973
Bács-Kiskun,Felsőszentiván,,6447
Baranya,Felsőszentmárton,,7968
Vas,Felsőszölnök,,9985
Heves,Felsőtárkány,,3324
Borsod-Abaúj-Zemplén,Felsőtelekes,,3735
Nógrád,Felsőtold,,3067
Borsod-Abaúj-Zemplén,Felsővadász,,3814
Borsod-Abaúj-Zemplén,Felsőzsolca,,3561
Szabolcs-Szatmár-Bereg,Fényeslitke,,4621
Győr-Moson-Sopron,Fenyőfő,,8432
Csongrád-Csanád,Ferencszállás,,6774
Győr-Moson-Sopron,Fertőboz,,9493
Győr-Moson-Sopron,Fertőd,,9431
Győr-Moson-Sopron,Fertőd,Tőzeggyármajor,9433
Győr-Moson-Sopron,Fertőendréd,,9442
Győr-Moson-Sopron,Fertőhomok,,9492
Győr-Moson-Sopron,Fertőrákos,,9421
Győr-Moson-Sopron,Fertőszentmiklós,,9444
Győr-Moson-Sopron,Fertőszéplak,,9436
Somogy,Fiad,,7282
Borsod-Abaúj-Zemplén,Filkeháza,,3994
Zala,Fityeház,,8835
Bács-Kiskun,Foktő,,6331
Hajdú-Bihar,Folyás,,4095
Somogy,Fonó,,7271
Borsod-Abaúj-Zemplén,Fony,,3893
Somogy,Fonyód,,8640
Csongrád-Csanád,Forráskút,,6793
Borsod-Abaúj-Zemplén,Forró,,3849
Pest,Fót,,2151
Csongrád-Csanád,Földeák,,6922
Hajdú-Bihar,Földes,,4177
Somogy,Főnyed,,8732
Borsod-Abaúj-Zemplén,Fulókércs,,3864
Hajdú-Bihar,Furta,,4141
Fejér,Füle,,8157
Szabolcs-Szatmár-Bereg,Fülesd,,4964
Hajdú-Bihar,Fülöp,,4266
Bács-Kiskun,Fülöpháza,,6042
Bács-Kiskun,Fülöpjakab,,6116
Bács-Kiskun,Fülöpszállás,,6085
Szabolcs-Szatmár-Bereg,Fülpösdaróc,,4754
Tolna,Fürged,,7087
Borsod-Abaúj-Zemplén,Füzér,,3996
Borsod-Abaúj-Zemplén,Füzérkajata,,3994
Borsod-Abaúj-Zemplén,Füzérkomlós,,3997
Borsod-Abaúj-Zemplén,Füzérradvány,,3993
Heves,Füzesabony,,3390
Békés,Füzesgyarmat,,5525
Zala,Fűzvölgy,,8777
Hajdú-Bihar,Gáborján,,4122
Zala,Gáborjánháza,,8969
Szabolcs-Szatmár-Bereg,Gacsály,,4972
Somogy,Gadács,,7276
Somogy,Gadány,,8715
Borsod-Abaúj-Zemplén,Gadna,,3815
Békés,Gádoros,,5932
Borsod-Abaúj-Zemplén,Gagyapáti,,3837
Borsod-Abaúj-Zemplén,Gagybátor,,3817
Borsod-Abaúj-Zemplén,Gagyvendégi,,3816
Zala,Galambok,,8754
Nógrád,Galgaguta,,2686
Pest,Galgagyörk,,2681
Pest,Galgahévíz,,2193
Pest,Galgamácsa,,2183
Somogy,Gálosfa,,7473
Borsod-Abaúj-Zemplén,Galvács,,3752
Somogy,Gamás,,8685
Veszprém,Ganna,,8597
Fejér,Gánt,,8082
Bács-Kiskun,Gara,,6522
Nógrád,Garáb,,3067
Zala,Garabonc,,8747
Borsod-Abaúj-Zemplén,Garadna,,3873
Szabolcs-Szatmár-Bereg,Garbolc,,4976
Fejér,Gárdony,,2483
Fejér,Gárdony,Agárd,2484
Fejér,Gárdony,Dinnyés,2485
Baranya,Garé,,7812
Vas,Gasztony,,9952
Bács-Kiskun,Gátér,,6111
Szabolcs-Szatmár-Bereg,Gávavencsellő,Gáva,4471
Szabolcs-Szatmár-Bereg,Gávavencsellő,Vencsellő,4472
Szabolcs-Szatmár-Bereg,Géberjén,,4754
Veszprém,Gecse,,8543
Bács-Kiskun,Géderlak,,6334
Szabolcs-Szatmár-Bereg,Gégény,,4517
Borsod-Abaúj-Zemplén,Gelej,,3444
Szabolcs-Szatmár-Bereg,Gelénes,,4935
Zala,Gellénháza,,8981
Zala,Gelse,,8774
Zala,Gelsesziget,,8774
Szabolcs-Szatmár-Bereg,Gemzse,,4567
Vas,Gencsapáti,,9721
Vas,Gérce,,9672
Baranya,Gerde,,7951
Békés,Gerendás,,5925
Baranya,Gerényes,,7362
Baranya,Geresdlak,,7733
Tolna,Gerjen,,7134
Vas,Gersekarát,,9813
Békés,Geszt,,5734
Borsod-Abaúj-Zemplén,Gesztely,Újharangod,3923
Borsod-Abaúj-Zemplén,Gesztely,,3715
Szabolcs-Szatmár-Bereg,Geszteréd,,4232
Zala,Gétye,,8762
Borsod-Abaúj-Zemplén,Gibárt,,3854
Veszprém,Gic,,8435
Somogy,Gige,,7527
Baranya,Gilvánfa,,7954
Borsod-Abaúj-Zemplén,Girincs,,3578
Veszprém,Gógánfa,,8346
Borsod-Abaúj-Zemplén,Golop,,3906
Pest,Gomba,,2217
Zala,Gombosszeg,,8984
Vas,Gór,,9625
Baranya,Gordisa,,7853
Zala,Gosztola,,8960
Pest,Göd,Alsógöd,2131
Pest,Göd,Felsőgöd,2132
Pest,Gödöllő,,2100
Baranya,Gödre,Gödreszentmárton,7385
Baranya,Gödre,Gödrekeresztúr,7386
Somogy,Gölle,,7272
Borsod-Abaúj-Zemplén,Gömörszőlős,,3728
Borsod-Abaúj-Zemplén,Gönc,,3895
Borsod-Abaúj-Zemplén,Göncruszka,,3894
Győr-Moson-Sopron,Gönyű,,9071
Hajdú-Bihar,Görbeháza,,4075
Baranya,Görcsöny,,7833
Baranya,Görcsönydoboka,,7728
Somogy,Görgeteg,,7553
Zala,Gősfa,,8913
Tolna,Grábóc,,7162
Szabolcs-Szatmár-Bereg,Gulács,,4842
Zala,Gutorfölde,,8951
Pest,Gyál,,2360
Győr-Moson-Sopron,Gyalóka,,9474
Vas,Gyanógeregye,,9774
Győr-Moson-Sopron,Gyarmat,,9126
Somogy,Gyékényes,,8851
Zala,Gyenesdiás,,8315
Veszprém,Gyepükaján,,8473
Komárom-Esztergom,Gyermely,,2821
Baranya,Gyód,,7668
Békés,Gyomaendrőd,Gyoma,5500
Békés,Gyomaendrőd,Endrőd,5502
Győr-Moson-Sopron,Gyóró,,9363
Győr-Moson-Sopron,Gyömöre,,9124
Pest,Gyömrő,,2230
Baranya,Gyöngyfa,,7954
Heves,Gyöngyös,,3200
Heves,Gyöngyös,Kékestető,3221
Heves,Gyöngyös,Mátrafüred,3232
Heves,Gyöngyös,Mátraháza,3233
Vas,Gyöngyösfalu,,9723
Heves,Gyöngyöshalász,,3212
Baranya,Gyöngyösmellék,,7972
Heves,Gyöngyösoroszi,,3211
Heves,Gyöngyöspata,,3035
Heves,Gyöngyössolymos,,3231
Heves,Gyöngyöstarján,,3036
Tolna,Gyönk,,7064
Győr-Moson-Sopron,Győr,,9023
Győr-Moson-Sopron,Győr,,9022
Győr-Moson-Sopron,Győr,,9012
Győr-Moson-Sopron,Győr,,9025
Győr-Moson-Sopron,Győr,,9026
Győr-Moson-Sopron,Győr,,9011
Győr-Moson-Sopron,Győr,,9028
Győr-Moson-Sopron,Győr,,9024
Győr-Moson-Sopron,Győr,,9027
Győr-Moson-Sopron,Győr,,9000
Győr-Moson-Sopron,Győr,,9029
Győr-Moson-Sopron,Győr,,9019
Győr-Moson-Sopron,Győr,,9021
Győr-Moson-Sopron,Győr,,9030
Győr-Moson-Sopron,Győrasszonyfa,,9093
Tolna,Györe,,7352
Borsod-Abaúj-Zemplén,Györgytarló,,3954
Tolna,Györköny,,7045
Győr-Moson-Sopron,Győrladamér,,9173
Szabolcs-Szatmár-Bereg,Győröcske,,4625
Győr-Moson-Sopron,Győrság,,9084
Győr-Moson-Sopron,Győrsövényház,,9161
Győr-Moson-Sopron,Győrszemere,,9121
Szabolcs-Szatmár-Bereg,Győrtelek,,4752
Győr-Moson-Sopron,Győrújbarát,,9081
Győr-Moson-Sopron,Győrújfalu,,9171
Vas,Győrvár,,9821
Győr-Moson-Sopron,Győrzámoly,,9172
Somogy,Gyugy,,8692
Békés,Gyula,Gyulavári,5711
Békés,Gyula,,5700
Szabolcs-Szatmár-Bereg,Gyulaháza,,4545
Tolna,Gyulaj,,7227
Veszprém,Gyulakeszi,,8286
Fejér,Gyúró,,2464
Szabolcs-Szatmár-Bereg,Gyügye,,4733
Szabolcs-Szatmár-Bereg,Gyüre,,4813
Zala,Gyűrűs,,8932
Somogy,Hács,,8694
Zala,Hagyárosbörönd,,8992
Zala,Hahót,,8771
Hajdú-Bihar,Hajdúbagos,,4273
Hajdú-Bihar,Hajdúböszörmény,,4220
Hajdú-Bihar,Hajdúböszörmény,Hajdúvid,4086
Hajdú-Bihar,Hajdúböszörmény,Nagypród,4074
Hajdú-Bihar,Hajdúböszörmény,Bodaszőlő,4224
Hajdú-Bihar,Hajdúdorog,,4087
Hajdú-Bihar,Hajdúhadház,,4242
Hajdú-Bihar,Hajdúnánás,Tedej,4085
Hajdú-Bihar,Hajdúnánás,,4080
Hajdú-Bihar,Hajdúsámson,,4251
Hajdú-Bihar,Hajdúszoboszló,,4200
Hajdú-Bihar,Hajdúszovát,,4212
Somogy,Hajmás,,7473
Veszprém,Hajmáskér,,8192
Bács-Kiskun,Hajós,,6344
Vas,Halastó,,9814
Győr-Moson-Sopron,Halászi,,9228
Pest,Halásztelek,,2314
Veszprém,Halimba,,8452
Borsod-Abaúj-Zemplén,Halmaj,,3842
Heves,Halmajugra,,3273
Vas,Halogy,,9917
Borsod-Abaúj-Zemplén,Hangács,,3795
Borsod-Abaúj-Zemplén,Hangony,,3626
Fejér,Hantos,,2434
Vas,Harasztifalu,,9784
Tolna,Harc,,7172
Győr-Moson-Sopron,Harka,,9422
Bács-Kiskun,Harkakötöny,,6136
Baranya,Harkány,,7815
Somogy,Háromfa,,7585
Borsod-Abaúj-Zemplén,Háromhuta,,3936
Borsod-Abaúj-Zemplén,Harsány,,3555
Veszprém,Hárskút,,8442
Bács-Kiskun,Harta,,6326
Bács-Kiskun,Harta,Állampuszta,6327
Baranya,Hásságy,,7745
Heves,Hatvan,,3000
Győr-Moson-Sopron,Hédervár,,9178
Somogy,Hedrehely,,7533
Veszprém,Hegyesd,,8296
Győr-Moson-Sopron,Hegyeshalom,,9222
Vas,Hegyfalu,,9631
Vas,Hegyháthodász,,9915
Baranya,Hegyhátmaróc,,7348
Vas,Hegyhátsál,,9915
Vas,Hegyhátszentjakab,,9934
Vas,Hegyhátszentmárton,,9931
Vas,Hegyhátszentpéter,,9821
Győr-Moson-Sopron,Hegykő,,9437
Veszprém,Hegymagas,,8265
Borsod-Abaúj-Zemplén,Hegymeg,,3786
Baranya,Hegyszentmárton,,7837
Nógrád,Héhalom,,3041
Borsod-Abaúj-Zemplén,Hejce,,3892
Borsod-Abaúj-Zemplén,Hejőbába,,3593
Borsod-Abaúj-Zemplén,Hejőkeresztúr,,3597
Borsod-Abaúj-Zemplén,Hejőkürt,,3588
Borsod-Abaúj-Zemplén,Hejőpapi,,3594
Borsod-Abaúj-Zemplén,Hejőszalonta,,3595
Baranya,Helesfa,,7683
Bács-Kiskun,Helvécia,,6034
Hajdú-Bihar,Hencida,,4123
Somogy,Hencse,,7532
Pest,Herceghalom,,2053
Borsod-Abaúj-Zemplén,Hercegkút,,3958
Bács-Kiskun,Hercegszántó,,6525
Heves,Heréd,,3011
Komárom-Esztergom,Héreg,,2832
Nógrád,Herencsény,,2677
Veszprém,Herend,,8440
Somogy,Heresznye,,7587
Szabolcs-Szatmár-Bereg,Hermánszeg,,4735
Pest,Hernád,,2376
Borsod-Abaúj-Zemplén,Hernádbűd,,3853
Borsod-Abaúj-Zemplén,Hernádcéce,,3887
Borsod-Abaúj-Zemplén,Hernádkak,,3563
Borsod-Abaúj-Zemplén,Hernádkércs,,3846
Borsod-Abaúj-Zemplén,Hernádnémeti,,3564
Borsod-Abaúj-Zemplén,Hernádpetri,,3874
Borsod-Abaúj-Zemplén,Hernádszentandrás,,3852
Borsod-Abaúj-Zemplén,Hernádszurdok,,3875
Borsod-Abaúj-Zemplén,Hernádvécse,,3874
Zala,Hernyék,,8957
Borsod-Abaúj-Zemplén,Hét,,3655
Szabolcs-Szatmár-Bereg,Hetefejércse,,4843
Somogy,Hetes,,7432
Baranya,Hetvehely,,7681
Veszprém,Hetyefő,,8344
Heves,Heves,,3360
Heves,Hevesaranyos,,3322
Heves,Hevesvezekény,,3383
Zala,Hévíz,,8380
Pest,Hévízgyörk,,2192
Baranya,Hidas,,7696
Borsod-Abaúj-Zemplén,Hidasnémeti,,3876
Veszprém,Hidegkút,,8247
Győr-Moson-Sopron,Hidegség,,9491
Borsod-Abaúj-Zemplén,Hidvégardó,,3768
Baranya,Himesháza,,7735
Győr-Moson-Sopron,Himod,,9362
Baranya,Hirics,,7838
Baranya,Hobol,,7971
Szabolcs-Szatmár-Bereg,Hodász,,4334
Csongrád-Csanád,Hódmezővásárhely,,6800
Csongrád-Csanád,Hódmezővásárhely,Kútvölgy,6805
Csongrád-Csanád,Hódmezővásárhely,Szikáncs,6806
Somogy,Hollád,,8731
Borsod-Abaúj-Zemplén,Hollóháza,,3999
Nógrád,Hollókő,,3176
Veszprém,Homokbödöge,,8563
Zala,Homokkomárom,,8777
Bács-Kiskun,Homokmégy,,6341
Somogy,Homokszentgyörgy,,7537
Baranya,Homorúd,,7716
Borsod-Abaúj-Zemplén,Homrogd,,3812
Nógrád,Hont,,2647
Nógrád,Horpács,,2658
Heves,Hort,,3014
Hajdú-Bihar,Hortobágy,,4071
Baranya,Horváthertelend,,7935
Vas,Horvátlövő,,9796
Vas,Horvátzsidány,,9733
Baranya,Hosszúhetény,,7694
Hajdú-Bihar,Hosszúpályi,,4274
Vas,Hosszúpereszteg,,9676
Somogy,Hosszúvíz,,8716
Zala,Hosszúvölgy,,8777
Veszprém,Hosztót,,8475
Zala,Hottó,,8991
Tolna,Hőgyész,,7191
Győr-Moson-Sopron,Hövej,,9361
Nógrád,Hugyag,,2672
Békés,Hunya,,5555
Jász-Nagykun-Szolnok,Hunyadfalva,,5063
Baranya,Husztót,,7678
Baranya,Ibafa,,7935
Zala,Iborfia,,8984
Szabolcs-Szatmár-Bereg,Ibrány,,4484
Somogy,Igal,,7275
Fejér,Igar,Vámszőlőhegy,7016
Fejér,Igar,,7015
Borsod-Abaúj-Zemplén,Igrici,,3459
Somogy,Iharos,,8726
Somogy,Iharosberény,,8725
Vas,Ikervár,,9756
Pest,Iklad,,2181
Vas,Iklanberény,,9634
Zala,Iklódbördőce,,8958
Győr-Moson-Sopron,Ikrény,,9141
Nógrád,Iliny,,2674
Szabolcs-Szatmár-Bereg,Ilk,,4566
Baranya,Illocska,,7775
Borsod-Abaúj-Zemplén,Imola,,3725
Bács-Kiskun,Imrehegy,,6238
Borsod-Abaúj-Zemplén,Ináncs,,3851
Pest,Inárcs,,2365
Somogy,Inke,,8724
Baranya,Ipacsfa,,7847
Pest,Ipolydamásd,,2631
Nógrád,Ipolyszög,,2660
Nógrád,Ipolytarnóc,,3138
Pest,Ipolytölgyes,,2633
Nógrád,Ipolyvece,,2669
Tolna,Iregszemcse,,7095
Borsod-Abaúj-Zemplén,Irota,,3786
Pest,Isaszeg,,2117
Vas,Ispánk,,9941
Heves,Istenmezeje,,3253
Somogy,Istvándi,,7987
Fejér,Iszkaszentgyörgy,,8043
Veszprém,Iszkáz,,8493
Fejér,Isztimér,,8045
Heves,Ivád,,3248
Győr-Moson-Sopron,Iván,,9374
Baranya,Ivánbattyán,,7772
Vas,Ivánc,,9931
Fejér,Iváncsa,,2454
Baranya,Ivándárda,,7781
Tolna,Izmény,,7353
Bács-Kiskun,Izsák,,6070
Borsod-Abaúj-Zemplén,Izsófalva,,3741
Tolna,Jágónak,,7357
Vas,Ják,,9798
Bács-Kiskun,Jakabszállás,,6078
Vas,Jákfa,,9643
Borsod-Abaúj-Zemplén,Jákfalva,,3721
Somogy,Jákó,,7525
Szabolcs-Szatmár-Bereg,Jánd,,4841
Szabolcs-Szatmár-Bereg,Jánkmajtis,,4741
Bács-Kiskun,Jánoshalma,,6440
Vas,Jánosháza,,9545
Jász-Nagykun-Szolnok,Jánoshida,,5143
Győr-Moson-Sopron,Jánossomorja,Újtanya,9241
Győr-Moson-Sopron,Jánossomorja,Hanságliget,9167
Győr-Moson-Sopron,Jánossomorja,Pusztasomorja,9242
Győr-Moson-Sopron,Jánossomorja,Mosonszentjános,9241
Borsod-Abaúj-Zemplén,Járdánháza,,3664
Szabolcs-Szatmár-Bereg,Jármi,,4337
Veszprém,Jásd,,8424
Jász-Nagykun-Szolnok,Jászágó,,5124
Jász-Nagykun-Szolnok,Jászalsószentgyörgy,,5054
Jász-Nagykun-Szolnok,Jászapáti,,5130
Jász-Nagykun-Szolnok,Jászárokszállás,,5123
Jász-Nagykun-Szolnok,Jászberény,Portelek,5152
Jász-Nagykun-Szolnok,Jászberény,,5100
Jász-Nagykun-Szolnok,Jászboldogháza,,5144
Jász-Nagykun-Szolnok,Jászdózsa,,5122
Jász-Nagykun-Szolnok,Jászfelsőszentgyörgy,,5111
Jász-Nagykun-Szolnok,Jászfényszaru,,5126
Jász-Nagykun-Szolnok,Jászivány,,5135
Jász-Nagykun-Szolnok,Jászjákóhalma,,5121
Pest,Jászkarajenő,,2746
Jász-Nagykun-Szolnok,Jászkisér,,5137
Jász-Nagykun-Szolnok,Jászladány,,5055
Jász-Nagykun-Szolnok,Jászszentandrás,,5136
Bács-Kiskun,Jászszentlászló,,6133
Jász-Nagykun-Szolnok,Jásztelek,,5141
Szabolcs-Szatmár-Bereg,Jéke,,4611
Fejér,Jenő,,8146
Győr-Moson-Sopron,Jobaháza,,9323
Nógrád,Jobbágyi,,3063
Borsod-Abaúj-Zemplén,Jósvafő,,3758
Somogy,Juta,,7431
Hajdú-Bihar,Kaba,,4183
Zala,Kacorlak,,8773
Borsod-Abaúj-Zemplén,Kács,,3424
Baranya,Kacsóta,,7940
Somogy,Kadarkút,,7530
Győr-Moson-Sopron,Kajárpéc,,9123
Fejér,Kajászó,,2472
Tolna,Kajdacs,,7051
Tolna,Kakasd,,7122
Baranya,Kákics,,7958
Pest,Kakucs,,2366
Heves,Kál,,3350
Tolna,Kalaznó,,7194
Vas,Káld,,9673
Nógrád,Kálló,,2175
Zala,Kallósd,,8785
Szabolcs-Szatmár-Bereg,Kállósemjén,,4324
Somogy,Kálmáncsa,,7538
Szabolcs-Szatmár-Bereg,Kálmánháza,,4434
Zala,Kálócfa,,8988
Bács-Kiskun,Kalocsa,,6300
Fejér,Káloz,,8124
Vas,Kám,,9841
Veszprém,Kamond,,8469
Békés,Kamut,,5673
Borsod-Abaúj-Zemplén,Kánó,,3735
Szabolcs-Szatmár-Bereg,Kántorjánosi,,4335
Borsod-Abaúj-Zemplén,Kány,,3821
Somogy,Kánya,,8667
Zala,Kányavár,,8956
Veszprém,Kapolcs,,8294
Heves,Kápolna,,3355
Fejér,Kápolnásnyék,,2475
Somogy,Kapoly,,8671
Somogy,Kaposfő,,7523
Somogy,Kaposgyarmat,,7473
Somogy,Kaposhomok,,7261
Somogy,Kaposkeresztúr,,7258
Somogy,Kaposmérő,,7521
Tolna,Kapospula,,7251
Somogy,Kaposújlak,,7522
Somogy,Kaposvár,,7400
Somogy,Kaposvár,Kaposfüred,7451
Tolna,Kaposszekcső,,7361
Somogy,Kaposszerdahely,,7476
Veszprém,Káptalanfa,,8471
Veszprém,Káptalantóti,,8283
Győr-Moson-Sopron,Kapuvár,,9330
Győr-Moson-Sopron,Kapuvár,Öntésmajor,9339
Somogy,Kára,,7285
Heves,Karácsond,,3281
Somogy,Karád,,8676
Vas,Karakó,,9547
Veszprém,Karakószörcsök,,8491
Nógrád,Karancsalja,,3181
Nógrád,Karancsberény,,3137
Nógrád,Karancskeszi,,3183
Nógrád,Karancslapujtő,,3182
Nógrád,Karancsság,,3163
Baranya,Kárász,,7333
Jász-Nagykun-Szolnok,Karcag,,5300
Borsod-Abaúj-Zemplén,Karcsa,,3963
Békés,Kardos,,5552
Békés,Kardoskút,,5945
Zala,Karmacs,,8354
Győr-Moson-Sopron,Károlyháza,,9182
Borsod-Abaúj-Zemplén,Karos,,3962
Pest,Kartal,,2173
Baranya,Kásád,,7827
Bács-Kiskun,Kaskantyú,,6211
Somogy,Kastélyosdombó,,7977
Békés,Kaszaper,,5948
Somogy,Kaszó,,7564
Baranya,Katádfa,,7914
Vas,Katafa,,9915
Baranya,Kátoly,,7661
Bács-Kiskun,Katymár,,6455
Pest,Káva,,2215
Zala,Kávás,,8994
Nógrád,Kazár,Mizserfa,3147
Nógrád,Kazár,,3127
Borsod-Abaúj-Zemplén,Kazincbarcika,,3700
Borsod-Abaúj-Zemplén,Kázsmárk,,3831
Somogy,Kazsok,,7274
Bács-Kiskun,Kecel,,6237
Komárom-Esztergom,Kecskéd,,2852
Bács-Kiskun,Kecskemét,,6000
Bács-Kiskun,Kecskemét,Méntelek,6008
Bács-Kiskun,Kecskemét,Hetényegyháza,6044
Zala,Kehidakustány,,8784
Szabolcs-Szatmár-Bereg,Kék,,4515
Szabolcs-Szatmár-Bereg,Kékcse,,4494
Borsod-Abaúj-Zemplén,Kéked,,3899
Baranya,Kékesd,,7661
Veszprém,Kékkút,,8254
Bács-Kiskun,Kelebia,,6423
Vas,Keléd,,9549
Borsod-Abaúj-Zemplén,Kelemér,,3728
Bács-Kiskun,Kéleshalom,,6444
Somogy,Kelevíz,,8714
Szabolcs-Szatmár-Bereg,Kemecse,,4501
Pest,Kemence,,2638
Zala,Kemendollár,,8931
Veszprém,Kemeneshőgyész,,8516
Vas,Kemeneskápolna,,9553
Vas,Kemenesmagasi,,9522
Vas,Kemenesmihályfa,,9511
Vas,Kemenespálfa,,9544
Vas,Kemenessömjén,,9517
Vas,Kemenesszentmárton,,9521
Veszprém,Kemenesszentpéter,,8518
Zala,Keménfa,,8995
Baranya,Kémes,,7843
Vas,Kemestaródfa,,9923
Baranya,Kemse,,7839
Jász-Nagykun-Szolnok,Kenderes,,5331
Jász-Nagykun-Szolnok,Kenderes,Bánhalma,5349
Vas,Kenéz,,9752
Borsod-Abaúj-Zemplén,Kenézlő,,3955
Jász-Nagykun-Szolnok,Kengyel,,5083
Vas,Kenyeri,,9514
Vas,Kercaszomor,,9945
Somogy,Kercseliget,,7256
Heves,Kerecsend,,3396
Zala,Kerecseny,,8745
Bács-Kiskun,Kerekegyháza,,6041
Heves,Kerekharaszt,,3009
Somogy,Kereki,,8618
Komárom-Esztergom,Kerékteleki,,2882
Pest,Kerepes,,2144
Pest,Kerepes,Szilasliget,2145
Borsod-Abaúj-Zemplén,Keresztéte,,3821
Zala,Kerkabarabás,,8971
Zala,Kerkafalva,,8973
Zala,Kerkakutas,,8973
Vas,Kerkáskápolna,,9944
Zala,Kerkaszentkirály,,8874
Zala,Kerkateskánd,,8879
Szabolcs-Szatmár-Bereg,Kérsemjén,,4912
Veszprém,Kerta,,8492
Békés,Kertészsziget,,5526
Nógrád,Keszeg,,2616
Borsod-Abaúj-Zemplén,Kesznyéten,,3579
Tolna,Keszőhidegkút,,7062
Zala,Keszthely,,8360
Komárom-Esztergom,Kesztölc,,2517
Baranya,Keszü,,7668
Nógrád,Kétbodony,,2655
Békés,Kétegyháza,,5741
Somogy,Kéthely,,8713
Jász-Nagykun-Szolnok,Kétpó,,5411
Békés,Kétsoprony,,5674
Baranya,Kétújfalu,,7975
Vas,Kétvölgy,,9982
Tolna,Kéty,,7174
Békés,Kevermes,,5744
Zala,Kilimán,,8774
Győr-Moson-Sopron,Kimle,,9181
Fejér,Kincsesbánya,,8044
Borsod-Abaúj-Zemplén,Királd,,3657
Baranya,Királyegyháza,,7953
Csongrád-Csanád,Királyhegyes,,6911
Veszprém,Királyszentistván,,8195
Veszprém,Kisapáti,,8284
Fejér,Kisapostag,,2428
Szabolcs-Szatmár-Bereg,Kisar,,4921
Somogy,Kisasszond,,7523
Baranya,Kisasszonyfa,,7954
Győr-Moson-Sopron,Kisbabot,,9133
Nógrád,Kisbágyon,,3046
Győr-Moson-Sopron,Kisbajcs,,9062
Somogy,Kisbajom,,7542
Somogy,Kisbárapáti,,7282
Nógrád,Kisbárkány,,3075
Komárom-Esztergom,Kisbér,,2870
Komárom-Esztergom,Kisbér,Hánta,2879
Somogy,Kisberény,,8693
Veszprém,Kisberzseny,,8477
Baranya,Kisbeszterce,,7391
Győr-Moson-Sopron,Kisbodak,,9234
Zala,Kisbucsa,,8926
Baranya,Kisbudmér,,7756
Borsod-Abaúj-Zemplén,Kiscsécs,,3578
Zala,Kiscsehi,,8888
Veszprém,Kiscsősz,,8494
Baranya,Kisdér,,7814
Baranya,Kisdobsza,,7985
Békés,Kisdombegyház,,5837
Tolna,Kisdorog,,7159
Nógrád,Kisecset,,2655
Győr-Moson-Sopron,Kisfalud,,9341
Heves,Kisfüzes,,3256
Zala,Kisgörbő,,8356
Somogy,Kisgyalán,,7279
Borsod-Abaúj-Zemplén,Kisgyőr,,3556
Baranya,Kishajmás,,7391
Baranya,Kisharsány,,7800
Nógrád,Kishartyán,,3161
Baranya,Kisherend,,7763
Szabolcs-Szatmár-Bereg,Kishódos,,4977
Borsod-Abaúj-Zemplén,Kishuta,,3994
Komárom-Esztergom,Kisigmánd,,2948
Baranya,Kisjakabfalva,,7773
Baranya,Kiskassa,,7766
Borsod-Abaúj-Zemplén,Kiskinizs,,3843
Somogy,Kiskorpád,,7524
Heves,Kisköre,,3384
Bács-Kiskun,Kiskőrös,,6200
Bács-Kiskun,Kiskunfélegyháza,,6100
Bács-Kiskun,Kiskunhalas,,6400
Pest,Kiskunlacháza,,2340
Bács-Kiskun,Kiskunmajsa,,6120
Zala,Kiskutas,,8911
Fejér,Kisláng,,8156
Szabolcs-Szatmár-Bereg,Kisléta,,4325
Baranya,Kislippó,,7775
Veszprém,Kislőd,,8446
Tolna,Kismányok,,7356
Hajdú-Bihar,Kismarja,,4126
Pest,Kismaros,,2623
Szabolcs-Szatmár-Bereg,Kisnamény,,4737
Heves,Kisnána,,3264
Pest,Kisnémedi,,2165
Baranya,Kisnyárád,,7759
Pest,Kisoroszi,,2024
Szabolcs-Szatmár-Bereg,Kispalád,,4956
Zala,Kispáli,,8912
Veszprém,Kispirit,,8496
Vas,Kisrákos,,9936
Zala,Kisrécse,,8756
Borsod-Abaúj-Zemplén,Kisrozvágy,,3965
Borsod-Abaúj-Zemplén,Kissikátor,,3627
Vas,Kissomlyó,,9555
Baranya,Kistamási,,7981
Baranya,Kistapolca,,7823
Pest,Kistarcsa,,2143
Csongrád-Csanád,Kistelek,,6760
Borsod-Abaúj-Zemplén,Kistokaj,,3553
Zala,Kistolmács,,8868
Tolna,Kistormás,,7068
Baranya,Kistótfalu,,7768
Jász-Nagykun-Szolnok,Kisújszállás,,5310
Vas,Kisunyom,,9772
Szabolcs-Szatmár-Bereg,Kisvárda,,4600
Szabolcs-Szatmár-Bereg,Kisvarsány,,4811
Zala,Kisvásárhely,,8341
Baranya,Kisvaszar,,7381
Tolna,Kisvejke,,7183
Csongrád-Csanád,Kiszombor,,6775
Vas,Kiszsidány,,9733
Bács-Kiskun,Kisszállás,,6421
Tolna,Kisszékely,,7082
Szabolcs-Szatmár-Bereg,Kisszekeres,,4963
Baranya,Kisszentmárton,,7841
Zala,Kissziget,,8957
Veszprém,Kisszőlős,,8483
Csongrád-Csanád,Klárafalva,,6773
Komárom-Esztergom,Kocs,,2898
Pest,Kocsér,,2755
Tolna,Kocsola,,7212
Szabolcs-Szatmár-Bereg,Kocsord,,4751
Pest,Kóka,,2243
Hajdú-Bihar,Kokad,,4284
Veszprém,Kolontár,,8468
Hajdú-Bihar,Komádi,,4138
Komárom-Esztergom,Komárom,,2900
Komárom-Esztergom,Komárom,Koppánymonostor,2903
Komárom-Esztergom,Komárom,Szőny,2921
Borsod-Abaúj-Zemplén,Komjáti,,3765
Baranya,Komló,,7300
Szabolcs-Szatmár-Bereg,Komlódtótfalu,,4765
Somogy,Komlósd,,7582
Borsod-Abaúj-Zemplén,Komlóska,,3937
Szabolcs-Szatmár-Bereg,Komoró,,4622
Heves,Kompolt,,3356
Borsod-Abaúj-Zemplén,Kondó,,3775
Vas,Kondorfa,,9943
Békés,Kondoros,,5553
Győr-Moson-Sopron,Kóny,,9144
Hajdú-Bihar,Konyár,,4133
Győr-Moson-Sopron,Kópháza,,9495
Tolna,Koppányszántó,,7094
Borsod-Abaúj-Zemplén,Korlát,,3886
Győr-Moson-Sopron,Koroncó,,9113
Baranya,Kórós,,7841
Pest,Kosd,,2612
Pest,Kóspallag,,2625
Szabolcs-Szatmár-Bereg,Kótaj,,4482
Baranya,Kovácshida,,7847
Baranya,Kovácsszénája,,7678
Borsod-Abaúj-Zemplén,Kovácsvágás,,3992
Nógrád,Kozárd,,3053
Baranya,Kozármisleny,,7761
Zala,Kozmadombja,,8988
Baranya,Köblény,,7334
Vas,Köcsk,,9553
Baranya,Kökény,,7639
Somogy,Kőkút,,7530
Szabolcs-Szatmár-Bereg,Kölcse,,4965
Tolna,Kölesd,,7052
Baranya,Kölked,,7717
Heves,Kömlő,,3372
Komárom-Esztergom,Kömlőd,,2853
Szabolcs-Szatmár-Bereg,Kömörő,,4943
Bács-Kiskun,Kömpöc,,6134
Vas,Körmend,,9900
Vas,Körmend,Horvátnádalja,9909
Komárom-Esztergom,Környe,,2851
Borsod-Abaúj-Zemplén,Köröm,,3577
Somogy,Kőröshegy,,8617
Békés,Körösladány,,5516
Békés,Körösnagyharsány,,5539
Békés,Köröstarcsa,,5622
Pest,Kőröstetétlen,,2745
Békés,Körösújfalu,,5536
Hajdú-Bihar,Körösszakál,,4136
Hajdú-Bihar,Körösszegapáti,,4135
Fejér,Kőszárhegy,,8152
Vas,Kőszeg,,9730
Vas,Kőszegdoroszló,,9725
Vas,Kőszegpaty,,9739
Vas,Kőszegszerdahely,,9725
Somogy,Kötcse,,8627
Békés,Kötegyán,,5725
Jász-Nagykun-Szolnok,Kőtelek,,5062
Veszprém,Kővágóörs,,8254
Veszprém,Kővágóörs,Pálköve,8255
Baranya,Kővágószőlős,,7673
Baranya,Kővágótöttös,,7675
Csongrád-Csanád,Kövegy,,6912
Veszprém,Köveskál,,8274
Borsod-Abaúj-Zemplén,Krasznokvajda,,3821
Fejér,Kulcs,,2458
Bács-Kiskun,Kunadacs,,6097
Békés,Kunágota,,5746
Bács-Kiskun,Kunbaja,,6435
Bács-Kiskun,Kunbaracs,,6043
Jász-Nagykun-Szolnok,Kuncsorba,,5412
Bács-Kiskun,Kunfehértó,,6413
Jász-Nagykun-Szolnok,Kunhegyes,,5340
Jász-Nagykun-Szolnok,Kunmadaras,,5321
Bács-Kiskun,Kunpeszér,,6096
Bács-Kiskun,Kunszállás,,6115
Jász-Nagykun-Szolnok,Kunszentmárton,,5440
Jász-Nagykun-Szolnok,Kunszentmárton,Kungyalu,5449
Bács-Kiskun,Kunszentmiklós,,6090
Győr-Moson-Sopron,Kunsziget,,9184
Veszprém,Kup,,8595
Borsod-Abaúj-Zemplén,Kupa,,3813
Tolna,Kurd,,7226
Borsod-Abaúj-Zemplén,Kurityán,,3732
Zala,Kustánszeg,,8919
Somogy,Kutas,,7541
Nógrád,Kutasó,,3066
Csongrád-Csanád,Kübekháza,,6755
Zala,Külsősárd,,8978
Veszprém,Külsővat,,9532
Veszprém,Küngös,,8162
Komárom-Esztergom,Lábatlan,,2541
Somogy,Lábod,,7551
Borsod-Abaúj-Zemplén,Lácacséke,,3967
Somogy,Lad,,7535
Bács-Kiskun,Ladánybene,,6045
Borsod-Abaúj-Zemplén,Ládbesenyő,,3780
Fejér,Lajoskomárom,,8136
Bács-Kiskun,Lajosmizse,,6050
Borsod-Abaúj-Zemplén,Lak,,3786
Zala,Lakhegy,,8913
Bács-Kiskun,Lakitelek,,6065
Somogy,Lakócsa,,7918
Baranya,Lánycsók,,7759
Tolna,Lápafő,,7214
Baranya,Lapáncsa,,7775
Szabolcs-Szatmár-Bereg,Laskod,,4543
Zala,Lasztonya,,8887
Somogy,Látrány,,8681
Győr-Moson-Sopron,Lázi,,9089
Pest,Leányfalu,,2016
Komárom-Esztergom,Leányvár,,2518
Győr-Moson-Sopron,Lébény,,9155
Nógrád,Legénd,,2619
Borsod-Abaúj-Zemplén,Legyesbénye,,3904
Borsod-Abaúj-Zemplén,Léh,,3832
Borsod-Abaúj-Zemplén,Lénárddaróc,,3648
Zala,Lendvadedes,,8978
Zala,Lendvajakabfa,,8977
Tolna,Lengyel,,7184
Somogy,Lengyeltóti,,8693
Zala,Lenti,Lentikápolna,8966
Zala,Lenti,,8960
Fejér,Lepsény,,8132
Veszprém,Lesencefalu,,8317
Veszprém,Lesenceistvánd,,8319
Veszprém,Lesencetomaj,,8318
Hajdú-Bihar,Létavértes,Nagyléta,4281
Hajdú-Bihar,Létavértes,Vértes,4283
Zala,Letenye,,8868
Pest,Letkés,,2632
Győr-Moson-Sopron,Levél,,9221
Szabolcs-Szatmár-Bereg,Levelek,,4555
Somogy,Libickozma,,8707
Zala,Lickóvadamos,,8981
Baranya,Liget,,7331
Zala,Ligetfalva,,8782
Győr-Moson-Sopron,Lipót,,9233
Baranya,Lippó,,7781
Baranya,Liptód,,7757
Zala,Lispeszentadorján,,8888
Zala,Liszó,,8832
Veszprém,Litér,,8196
Borsod-Abaúj-Zemplén,Litka,,3866
Nógrád,Litke,,3186
Vas,Lócs,,9634
Veszprém,Lókút,,8425
Szabolcs-Szatmár-Bereg,Lónya,,4836
Pest,Lórév,,2309
Baranya,Lothárd,,7761
Veszprém,Lovas,,8228
Fejér,Lovasberény,,8093
Baranya,Lovászhetény,,7720
Zala,Lovászi,,8878
Veszprém,Lovászpatona,,8553
Békés,Lőkösháza,,5743
Heves,Lőrinci,,3021
Heves,Lőrinci,Mátravidéki erőmű,3022
Heves,Lőrinci,Selyp,3024
Győr-Moson-Sopron,Lövő,,9461
Szabolcs-Szatmár-Bereg,Lövőpetri,,4633
Nógrád,Lucfalva,,3129
Nógrád,Ludányhalászi,,3188
Heves,Ludas,,3274
Vas,Lukácsháza,,9724
Somogy,Lulla,,8660
Baranya,Lúzsok,,7838
Borsod-Abaúj-Zemplén,Mád,,3909
Bács-Kiskun,Madaras,,6456
Tolna,Madocsa,,7026
Győr-Moson-Sopron,Maglóca,,9169
Pest,Maglód,,2234
Baranya,Mágocs,,7342
Szabolcs-Szatmár-Bereg,Magosliget,,4953
Szabolcs-Szatmár-Bereg,Magy,,4556
Fejér,Magyaralmás,,8071
Somogy,Magyaratád,,7463
Békés,Magyarbánhegyes,,5667
Baranya,Magyarbóly,,7775
Csongrád-Csanád,Magyarcsanád,,6932
Békés,Magyardombegyház,,5838
Baranya,Magyaregregy,,7332
Somogy,Magyaregres,,7441
Zala,Magyarföld,,8973
Nógrád,Magyargéc,,3133
Veszprém,Magyargencs,,8517
Baranya,Magyarhertelend,,7394
Hajdú-Bihar,Magyarhomorog,,4137
Győr-Moson-Sopron,Magyarkeresztúr,,9346
Tolna,Magyarkeszi,,7098
Vas,Magyarlak,,9962
Baranya,Magyarlukafa,,7925
Baranya,Magyarmecske,,7954
Vas,Magyarnádalja,,9909
Nógrád,Magyarnándor,,2694
Veszprém,Magyarpolány,,8449
Baranya,Magyarsarlós,,7761
Vas,Magyarszecsőd,,9912
Baranya,Magyarszék,,7396
Zala,Magyarszentmiklós,,8776
Zala,Magyarszerdahely,,8776
Vas,Magyarszombatfa,,9946
Baranya,Magyartelek,,7954
Pest,Majosháza,,2339
Baranya,Majs,,7783
Pest,Makád,,2322
Borsod-Abaúj-Zemplén,Makkoshotyka,,3959
Heves,Maklár,,3397
Csongrád-Csanád,Makó,,6900
Csongrád-Csanád,Makó,Rákos,6903
Veszprém,Malomsok,,8533
Borsod-Abaúj-Zemplén,Mályi,,3434
Borsod-Abaúj-Zemplén,Mályinka,,3645
Szabolcs-Szatmár-Bereg,Mánd,,4942
Szabolcs-Szatmár-Bereg,Mándok,,4644
Baranya,Mánfa,,7304
Fejér,Mány,,2065
Baranya,Maráza,,7733
Veszprém,Marcalgergelyi,,9534
Somogy,Marcali,,8700
Somogy,Marcali,Horvátkút,8709
Somogy,Marcali,Bize,8714
Veszprém,Marcaltő,Ihász,8531
Veszprém,Marcaltő,,8532
Baranya,Márfa,,7817
Komárom-Esztergom,Máriahalom,,2527
Győr-Moson-Sopron,Máriakálnok,,9231
Baranya,Máriakéménd,,7663
Pest,Márianosztra,,2629
Szabolcs-Szatmár-Bereg,Máriapócs,,4326
Heves,Markaz,,3262
Nógrád,Márkháza,,3075
Veszprém,Márkó,,8441
Baranya,Markóc,,7967
Győr-Moson-Sopron,Markotabödöge,,9164
Zala,Maróc,,8888
Baranya,Marócsa,,7960
Baranya,Márok,,7774
Zala,Márokföld,,8976
Szabolcs-Szatmár-Bereg,Márokpapi,,4932
Csongrád-Csanád,Maroslele,,6921
Csongrád-Csanád,Mártély,,6636
Jász-Nagykun-Szolnok,Martfű,,5435
Baranya,Martonfa,,7720
Fejér,Martonvásár,,2462
Borsod-Abaúj-Zemplén,Martonyi,,3755
Szabolcs-Szatmár-Bereg,Mátészalka,,4700
Bács-Kiskun,Mátételke,,6452
Heves,Mátraballa,,3247
Heves,Mátraderecske,,3246
Nógrád,Mátramindszent,,3155
Nógrád,Mátranovák,Bányatelep,3144
Nógrád,Mátranovák,,3143
Nógrád,Mátraszele,,3142
Heves,Mátraszentimre,Galyatető,3234
Heves,Mátraszentimre,,3235
Nógrád,Mátraszőlős,,3068
Nógrád,Mátraterenye,Homokterenye,3145
Nógrád,Mátraterenye,Nádújfalu,3146
Nógrád,Mátraverebély,,3077
Fejér,Mátyásdomb,,8134
Baranya,Matty,,7854
Szabolcs-Szatmár-Bereg,Mátyus,,4835
Baranya,Máza,,7351
Baranya,Mecseknádasd,,7695
Baranya,Mecsekpölöske,,7305
Győr-Moson-Sopron,Mecsér,,9176
Békés,Medgyesbodzás,Gábortelep,5664
Békés,Medgyesbodzás,,5663
Békés,Medgyesegyháza,,5666
Békés,Medgyesegyháza,Bánkút,5752
Tolna,Medina,,7057
Borsod-Abaúj-Zemplén,Megyaszó,,3718
Vas,Megyehíd,,9754
Veszprém,Megyer,,8348
Vas,Meggyeskovácsi,,9757
Vas,Meggyeskovácsi,Ilonapuszta,9764
Békés,Méhkerék,,5726
Szabolcs-Szatmár-Bereg,Méhtelek,,4975
Baranya,Mekényes,,7344
Bács-Kiskun,Mélykút,,6449
Veszprém,Mencshely,,8271
Pest,Mende,,2235
Borsod-Abaúj-Zemplén,Méra,,3871
Baranya,Merenye,,7981
Győr-Moson-Sopron,Mérges,,9136
Szabolcs-Szatmár-Bereg,Mérk,,4352
Somogy,Mernye,,7453
Vas,Mersevát,,9531
Vas,Mesterháza,,9662
Vas,Mesteri,,9551
Jász-Nagykun-Szolnok,Mesterszállás,,5452
Borsod-Abaúj-Zemplén,Meszes,,3754
Vas,Meszlen,,9745
Somogy,Mesztegnyő,,8716
Békés,Mezőberény,,5650
Borsod-Abaúj-Zemplén,Mezőcsát,,3450
Somogy,Mezőcsokonya,,7434
Baranya,Meződ,,7370
Fejér,Mezőfalva,,2422
Békés,Mezőgyán,,5732
Békés,Mezőhegyes,,5820
Jász-Nagykun-Szolnok,Mezőhék,,5453
Borsod-Abaúj-Zemplén,Mezőkeresztes,,3441
Fejér,Mezőkomárom,,8137
Békés,Mezőkovácsháza,,5800
Borsod-Abaúj-Zemplén,Mezőkövesd,,3400
Szabolcs-Szatmár-Bereg,Mezőladány,,4641
Veszprém,Mezőlak,,8514
Borsod-Abaúj-Zemplén,Mezőnagymihály,,3443
Borsod-Abaúj-Zemplén,Mezőnyárád,,3421
Győr-Moson-Sopron,Mezőörs,,9097
Győr-Moson-Sopron,Mezőörs,Mindszentpuszta,9098
Hajdú-Bihar,Mezőpeterd,,4118
Hajdú-Bihar,Mezősas,,4134
Heves,Mezőszemere,,3378
Fejér,Mezőszentgyörgy,,8133
Fejér,Mezőszilas,,7017
Heves,Mezőtárkány,,3375
Jász-Nagykun-Szolnok,Mezőtúr,,5400
Borsod-Abaúj-Zemplén,Mezőzombor,,3931
Zala,Miháld,,8825
Zala,Mihályfa,,8341
Nógrád,Mihálygerge,,3184
Veszprém,Mihályháza,,8513
Győr-Moson-Sopron,Mihályi,,9342
Somogy,Mike,,7512
Pest,Mikebuda,,2736
Zala,Mikekarácsonyfa,,8949
Hajdú-Bihar,Mikepércs,,4271
Somogy,Miklósi,,8669
Heves,Mikófalva,,3344
Borsod-Abaúj-Zemplén,Mikóháza,,3989
Vas,Mikosszéplak,,9835
Zala,Milejszeg,,8917
Szabolcs-Szatmár-Bereg,Milota,,4948
Csongrád-Csanád,Mindszent,,6630
Baranya,Mindszentgodisa,,7391
Veszprém,Mindszentkálla,,8282
Zala,Misefa,,8935
Bács-Kiskun,Miske,,6343
Borsod-Abaúj-Zemplén,Miskolc,,3500
Borsod-Abaúj-Zemplén,Miskolc,,3525
Borsod-Abaúj-Zemplén,Miskolc,,3528
Borsod-Abaúj-Zemplén,Miskolc,,3530
Borsod-Abaúj-Zemplén,Miskolc,,3535
Borsod-Abaúj-Zemplén,Miskolc,,3533
Borsod-Abaúj-Zemplén,Miskolc,,3517
Borsod-Abaúj-Zemplén,Miskolc,,3515
Borsod-Abaúj-Zemplén,Miskolc,,3558
Borsod-Abaúj-Zemplén,Miskolc,,3529
Borsod-Abaúj-Zemplén,Miskolc,,3516
Borsod-Abaúj-Zemplén,Miskolc,,3501
Borsod-Abaúj-Zemplén,Miskolc,,3526
Borsod-Abaúj-Zemplén,Miskolc,,3521
Borsod-Abaúj-Zemplén,Miskolc,,3534
Borsod-Abaúj-Zemplén,Miskolc,,3531
Borsod-Abaúj-Zemplén,Miskolc,,3519
Borsod-Abaúj-Zemplén,Miskolc,,3532
Borsod-Abaúj-Zemplén,Miskolc,,3508
Borsod-Abaúj-Zemplén,Miskolc,,3524
Borsod-Abaúj-Zemplén,Miskolc,,3527
Borsod-Abaúj-Zemplén,Miskolc,,3518
Tolna,Miszla,,7065
Komárom-Esztergom,Mocsa,,2911
Pest,Mogyoród,,2146
Komárom-Esztergom,Mogyorósbánya,,2535
Borsod-Abaúj-Zemplén,Mogyoróska,,3893
Fejér,Moha,,8042
Baranya,Mohács,,7700
Baranya,Mohács,Újmohács,7714
Baranya,Mohács,Sárhát,7715
Nógrád,Mohora,,2698
Zala,Molnári,,8863
Vas,Molnaszecsőd,,9912
Baranya,Molvány,,7981
Borsod-Abaúj-Zemplén,Monaj,,3812
Borsod-Abaúj-Zemplén,Monok,,3905
Pest,Monor,,2200
Pest,Monorierdő,,2213
Heves,Mónosbél,,3345
Veszprém,Monostorapáti,,8296
Hajdú-Bihar,Monostorpályi,,4275
Veszprém,Monoszló,,8273
Baranya,Monyoród,,7751
Fejér,Mór,,8060
Tolna,Mórágy,,7165
Csongrád-Csanád,Mórahalom,,6782
Bács-Kiskun,Móricgát,,6132
Győr-Moson-Sopron,Mórichida,,9131
Somogy,Mosdós,,7257
Győr-Moson-Sopron,Mosonmagyaróvár,,9200
Győr-Moson-Sopron,Mosonszentmiklós,Gyártelep,9183
Győr-Moson-Sopron,Mosonszentmiklós,Mosonújhely,9183
Győr-Moson-Sopron,Mosonszentmiklós,,9154
Győr-Moson-Sopron,Mosonszolnok,,9245
Győr-Moson-Sopron,Mosonudvar,,9246
Baranya,Mozsgó,,7932
Tolna,Mőcsény,,7163
Tolna,Mucsfa,,7185
Tolna,Mucsi,,7195
Borsod-Abaúj-Zemplén,Múcsony,,3744
Borsod-Abaúj-Zemplén,Muhi,,3552
Zala,Murakeresztúr,,8834
Zala,Murarátka,,8868
Zala,Muraszemenye,,8872
Tolna,Murga,,7176
Békés,Murony,,5672
Szabolcs-Szatmár-Bereg,Nábrád,,4911
Fejér,Nadap,,8097
Vas,Nádasd,,9915
Fejér,Nádasdladány,,8145
Hajdú-Bihar,Nádudvar,,4181
Somogy,Nágocs,,8674
Veszprém,Nagyacsád,,8521
Veszprém,Nagyalásony,,8484
Szabolcs-Szatmár-Bereg,Nagyar,,4922
Somogy,Nagyatád,,7500
Győr-Moson-Sopron,Nagybajcs,,9063
Somogy,Nagybajom,,7561
Zala,Nagybakónak,,8821
Békés,Nagybánhegyes,,5668
Bács-Kiskun,Nagybaracska,,6527
Borsod-Abaúj-Zemplén,Nagybarca,,3641
Nógrád,Nagybárkány,,3075
Somogy,Nagyberény,,8656
Somogy,Nagyberki,,7255
Pest,Nagybörzsöny,,2634
Baranya,Nagybudmér,,7756
Győr-Moson-Sopron,Nagycenk,,9485
Baranya,Nagycsány,,7838
Borsod-Abaúj-Zemplén,Nagycsécs,,3598
Somogy,Nagycsepely,,8628
Szabolcs-Szatmár-Bereg,Nagycserkesz,,4445
Veszprém,Nagydém,,8554
Szabolcs-Szatmár-Bereg,Nagydobos,,4823
Baranya,Nagydobsza,,7985
Tolna,Nagydorog,,7044
Szabolcs-Szatmár-Bereg,Nagyecsed,,4355
Csongrád-Csanád,Nagyér,,6917
Veszprém,Nagyesztergár,,8415
Heves,Nagyfüged,,3282
Vas,Nagygeresd,,9664
Zala,Nagygörbő,,8356
Veszprém,Nagygyimót,,8551
Baranya,Nagyhajmás,,7343
Szabolcs-Szatmár-Bereg,Nagyhalász,,4485
Baranya,Nagyharsány,,7822
Hajdú-Bihar,Nagyhegyes,,4064
Szabolcs-Szatmár-Bereg,Nagyhódos,,4977
Borsod-Abaúj-Zemplén,Nagyhuta,,3994
Komárom-Esztergom,Nagyigmánd,,2942
Jász-Nagykun-Szolnok,Nagyiván,,5363
Szabolcs-Szatmár-Bereg,Nagykálló,,4320
Békés,Nagykamarás,,5751
Zala,Nagykanizsa,,8800
Zala,Nagykanizsa,Palin,8808
Zala,Nagykanizsa,Sánc,8809
Zala,Nagykanizsa,Miklósfa,8831
Zala,Nagykapornak,,8935
Fejér,Nagykarácsony,,2425
Pest,Nagykáta,,2760
Hajdú-Bihar,Nagykereki,,4127
Nógrád,Nagykeresztúr,,3129
Borsod-Abaúj-Zemplén,Nagykinizs,,3844
Tolna,Nagykónyi,,7092
Somogy,Nagykorpád,,7545
Pest,Nagykovácsi,,2094
Baranya,Nagykozár,,7741
Heves,Nagykökényes,,3012
Vas,Nagykölked,,9784
Pest,Nagykőrös,,2750
Jász-Nagykun-Szolnok,Nagykörű,,5065
Zala,Nagykutas,,8911
Csongrád-Csanád,Nagylak,,6933
Zala,Nagylengyel,,8983
Nógrád,Nagylóc,,3175
Fejér,Nagylók,,2435
Győr-Moson-Sopron,Nagylózs,,9482
Csongrád-Csanád,Nagymágocs,,6622
Tolna,Nagymányok,,7355
Pest,Nagymaros,,2626
Vas,Nagymizdó,,9913
Baranya,Nagynyárád,,7784
Nógrád,Nagyoroszi,,2645
Zala,Nagypáli,,8912
Baranya,Nagypall,,7731
Baranya,Nagypeterd,,7912
Veszprém,Nagypirit,,8496
Hajdú-Bihar,Nagyrábé,,4173
Zala,Nagyrada,,8746
Vas,Nagyrákos,,9938
Zala,Nagyrécse,,8756
Heves,Nagyréde,,3214
Jász-Nagykun-Szolnok,Nagyrév,,5463
Borsod-Abaúj-Zemplén,Nagyrozvágy,,3965
Komárom-Esztergom,Nagysáp,,2524
Vas,Nagysimonyi,,9561
Somogy,Nagyszakácsi,,8739
Tolna,Nagyszékely,,7085
Szabolcs-Szatmár-Bereg,Nagyszekeres,,4962
Békés,Nagyszénás,,5931
Győr-Moson-Sopron,Nagyszentjános,,9072
Tolna,Nagyszokoly,,7097
Heves,Nagytálya,,3398
Pest,Nagytarcsa,,2142
Veszprém,Nagytevel,,8562
Vas,Nagytilaj,,9832
Baranya,Nagytótfalu,,7800
Csongrád-Csanád,Nagytőke,,6612
Heves,Nagyút,,3357
Szabolcs-Szatmár-Bereg,Nagyvarsány,,4812
Baranya,Nagyváty,,7912
Veszprém,Nagyvázsony,,8291
Tolna,Nagyvejke,,7186
Fejér,Nagyveleg,,8065
Fejér,Nagyvenyim,,2421
Heves,Nagyvisnyó,,3349
Tolna,Nak,,7215
Szabolcs-Szatmár-Bereg,Napkor,,4552
Vas,Nárai,,9797
Vas,Narda,,9793
Komárom-Esztergom,Naszály,,2899
Borsod-Abaúj-Zemplén,Négyes,,3463
Borsod-Abaúj-Zemplén,Nekézseny,,3646
Zala,Nemesapáti,,8923
Borsod-Abaúj-Zemplén,Nemesbikk,,3592
Szabolcs-Szatmár-Bereg,Nemesborzova,,4942
Vas,Nemesbőd,,9749
Zala,Nemesbük,,8371
Vas,Nemescsó,,9739
Somogy,Nemesdéd,,8722
Veszprém,Nemesgörzsöny,,8522
Veszprém,Nemesgulács,,8284
Veszprém,Nemeshany,,8471
Zala,Nemeshetés,,8928
Baranya,Nemeske,,7981
Győr-Moson-Sopron,Nemeskér,,9471
Vas,Nemeskeresztúr,,9548
Somogy,Nemeskisfalud,,8717
Vas,Nemeskocs,,9542
Vas,Nemeskolta,,9775
Vas,Nemesládony,,9663
Vas,Nemesmedves,,9953
Bács-Kiskun,Nemesnádudvar,,6345
Zala,Nemesnép,,8976
Zala,Nemespátró,,8857
Zala,Nemesrádó,,8915
Vas,Nemesrempehollós,,9782
Zala,Nemessándorháza,,8925
Veszprém,Nemesvámos,,8248
Somogy,Nemesvid,,8738
Veszprém,Nemesvita,,8311
Veszprém,Nemesszalók,,9533
Zala,Nemesszentandrás,,8925
Veszprém,Németbánya,,8581
Zala,Németfalu,,8918
Tolna,Németkér,,7039
Nógrád,Nemti,,3152
Komárom-Esztergom,Neszmély,,2544
Nógrád,Nézsa,,2618
Vas,Nick,,9652
Somogy,Nikla,,8706
Nógrád,Nógrád,,2642
Nógrád,Nógrádkövesd,,2691
Nógrád,Nógrádmarcal,,2675
Nógrád,Nógrádmegyer,,3132
Nógrád,Nógrádsáp,,2685
Nógrád,Nógrádsipek,,3179
Nógrád,Nógrádszakál,,3187
Veszprém,Nóráp,,8591
Veszprém,Noszlop,,8456
Heves,Noszvaj,,3325
Zala,Nova,,8948
Heves,Novaj,,3327
Borsod-Abaúj-Zemplén,Novajidrány,,3872
Nógrád,Nőtincs,,2610
Győr-Moson-Sopron,Nyalka,,9096
Veszprém,Nyárád,,8512
Pest,Nyáregyháza,,2723
Bács-Kiskun,Nyárlőrinc,,6032
Pest,Nyársapát,,2712
Borsod-Abaúj-Zemplén,Nyékládháza,,3433
Komárom-Esztergom,Nyergesújfalu,,2536
Borsod-Abaúj-Zemplén,Nyésta,,3809
Somogy,Nyim,,8612
Hajdú-Bihar,Nyírábrány,,4264
Hajdú-Bihar,Nyíracsád,,4262
Veszprém,Nyirád,,8454
Hajdú-Bihar,Nyíradony,Aradványpuszta,4253
Hajdú-Bihar,Nyíradony,Tamásipuszta,4252
Hajdú-Bihar,Nyíradony,,4254
Szabolcs-Szatmár-Bereg,Nyírbátor,,4300
Szabolcs-Szatmár-Bereg,Nyírbéltek,,4372
Szabolcs-Szatmár-Bereg,Nyírbogát,,4361
Szabolcs-Szatmár-Bereg,Nyírbogdány,,4511
Szabolcs-Szatmár-Bereg,Nyírcsaholy,,4356
Szabolcs-Szatmár-Bereg,Nyírcsászári,,4331
Szabolcs-Szatmár-Bereg,Nyírderzs,,4332
Szabolcs-Szatmár-Bereg,Nyíregyháza,Butykatelep,4246
Szabolcs-Szatmár-Bereg,Nyíregyháza,Borbánya,4405
Szabolcs-Szatmár-Bereg,Nyíregyháza,Sóstófürdő,4431
Szabolcs-Szatmár-Bereg,Nyíregyháza,Sóstóhegy,4481
Szabolcs-Szatmár-Bereg,Nyíregyháza,,4400
Szabolcs-Szatmár-Bereg,Nyíregyháza,Oros,4551
Szabolcs-Szatmár-Bereg,Nyíregyháza,Nyírszőlős,4432
Szabolcs-Szatmár-Bereg,Nyíregyháza,Felsősima,4433
Szabolcs-Szatmár-Bereg,Nyírgelse,,4362
Szabolcs-Szatmár-Bereg,Nyírgyulaj,,4311
Borsod-Abaúj-Zemplén,Nyíri,,3998
Szabolcs-Szatmár-Bereg,Nyíribrony,,4535
Szabolcs-Szatmár-Bereg,Nyírjákó,,4541
Szabolcs-Szatmár-Bereg,Nyírkarász,,4544
Szabolcs-Szatmár-Bereg,Nyírkáta,,4333
Szabolcs-Szatmár-Bereg,Nyírkércs,,4537
Szabolcs-Szatmár-Bereg,Nyírlövő,,4632
Szabolcs-Szatmár-Bereg,Nyírlugos,,4371
Szabolcs-Szatmár-Bereg,Nyírmada,,4564
Hajdú-Bihar,Nyírmártonfalva,,4263
Szabolcs-Szatmár-Bereg,Nyírmeggyes,,4722
Szabolcs-Szatmár-Bereg,Nyírmihálydi,,4363
Szabolcs-Szatmár-Bereg,Nyírparasznya,,4822
Szabolcs-Szatmár-Bereg,Nyírpazony,,4531
Szabolcs-Szatmár-Bereg,Nyírpilis,,4376
Szabolcs-Szatmár-Bereg,Nyírtass,,4522
Szabolcs-Szatmár-Bereg,Nyírtelek,,4461
Szabolcs-Szatmár-Bereg,Nyírtét,,4554
Szabolcs-Szatmár-Bereg,Nyírtura,,4532
Szabolcs-Szatmár-Bereg,Nyírvasvári,,4341
Borsod-Abaúj-Zemplén,Nyomár,,3795
Vas,Nyőgér,,9682
Baranya,Nyugotszenterzsébet,,7912
Győr-Moson-Sopron,Nyúl,,9082
Baranya,Óbánya,,7695
Fejér,Óbarok,,2063
Veszprém,Óbudavár,,8272
Pest,Ócsa,,2364
Baranya,Ócsárd,,7814
Baranya,Ófalu,,7695
Szabolcs-Szatmár-Bereg,Ófehértó,,4558
Csongrád-Csanád,Óföldeák,,6923
Zala,Óhíd,,8342
Békés,Okány,,5534
Baranya,Okorág,,7957
Baranya,Okorvölgy,,7681
Baranya,Olasz,,7745
Vas,Olaszfa,,9824
Veszprém,Olaszfalu,,8414
Borsod-Abaúj-Zemplén,Olaszliszka,,3933
Szabolcs-Szatmár-Bereg,Olcsva,,4826
Szabolcs-Szatmár-Bereg,Olcsvaapáti,,4914
Baranya,Old,,7825
Vas,Ólmod,,9733
Zala,Oltárc,,8886
Borsod-Abaúj-Zemplén,Onga,,3562
Borsod-Abaúj-Zemplén,Ónod,,3551
Szabolcs-Szatmár-Bereg,Ópályi,,4821
Csongrád-Csanád,Ópusztaszer,,6767
Zala,Orbányosfa,,8935
Somogy,Orci,,7461
Somogy,Ordacsehi,,8635
Bács-Kiskun,Ordas,,6335
Vas,Orfalu,,9982
Baranya,Orfű,,7677
Bács-Kiskun,Orgovány,,6077
Zala,Ormándlak,,8983
Borsod-Abaúj-Zemplén,Ormosbánya,,3743
Békés,Orosháza,Szentetornya,5905
Békés,Orosháza,Gyopárosfürdő,5904
Békés,Orosháza,,5900
Békés,Orosháza,Rákóczitelep,5903
Veszprém,Oroszi,,8458
Komárom-Esztergom,Oroszlány,,2840
Baranya,Oroszló,,7370
Zala,Orosztony,,8744
Zala,Ortaháza,,8954
Győr-Moson-Sopron,Osli,,9354
Vas,Ostffyasszonyfa,,9512
Heves,Ostoros,,3326
Vas,Oszkó,,9825
Borsod-Abaúj-Zemplén,Oszlár,,3591
Somogy,Osztopán,,7444
Borsod-Abaúj-Zemplén,Ózd,Center,3651
Borsod-Abaúj-Zemplén,Ózd,,3600
Borsod-Abaúj-Zemplén,Ózd,Bánszállás,3604
Borsod-Abaúj-Zemplén,Ózd,Hódoscsépány,3661
Borsod-Abaúj-Zemplén,Ózd,Szentsimon,3625
Borsod-Abaúj-Zemplén,Ózd,Uraj,3621
Borsod-Abaúj-Zemplén,Ózd,Somsálybánya,3662
Baranya,Ózdfalu,,7836
Zala,Ozmánbük,,8998
Tolna,Ozora,,7086
Veszprém,Öcs,,8292
Tolna,Őcsény,,7143
Jász-Nagykun-Szolnok,Öcsöd,,5451
Szabolcs-Szatmár-Bereg,Ököritófülpös,,4755
Vas,Ölbő,,9621
Szabolcs-Szatmár-Bereg,Ömböly,,4373
Szabolcs-Szatmár-Bereg,Őr,,4336
Pest,Őrbottyán,,2162
Bács-Kiskun,Öregcsertő,,6311
Somogy,Öreglak,,8697
Nógrád,Őrhalom,,2671
Vas,Őrimagyarósd,,9933
Vas,Őriszentpéter,,9941
Pest,Örkény,,2377
Jász-Nagykun-Szolnok,Örményes,,5222
Békés,Örménykút,,5556
Somogy,Őrtilos,,8854
Veszprém,Örvényes,,8242
Nógrád,Ősagárd,,2610
Veszprém,Ősi,,8161
Veszprém,Öskü,,8191
Győr-Moson-Sopron,Öttevény,,9153
Csongrád-Csanád,Öttömös,,6784
Somogy,Ötvöskónyi,,7511
Borsod-Abaúj-Zemplén,Pácin,,3964
Zala,Pacsa,,8761
Vas,Pácsony,,9823
Zala,Padár,,8935
Bács-Kiskun,Páhi,,6075
Zala,Páka,,8956
Zala,Pakod,,8799
Fejér,Pákozd,,8095
Tolna,Paks,,7030
Tolna,Paks,Dunakömlőd,7027
Baranya,Palé,,7370
Tolna,Pálfa,,7042
Zala,Pálfiszeg,,8990
Borsod-Abaúj-Zemplén,Pálháza,,3994
Győr-Moson-Sopron,Páli,,9345
Baranya,Palkonya,,7771
Somogy,Pálmajor,,7561
Bács-Kiskun,Pálmonostora,,6112
Heves,Pálosvörösmart,,3261
Baranya,Palotabozsok,,7727
Nógrád,Palotás,,3042
Veszprém,Paloznak,,8229
Borsod-Abaúj-Zemplén,Pamlény,,3821
Somogy,Pamuk,,8698
Pest,Pánd,,2214
Vas,Pankasz,,9937
Győr-Moson-Sopron,Pannonhalma,,9090
Borsod-Abaúj-Zemplén,Pányok,,3898
Szabolcs-Szatmár-Bereg,Panyola,,4913
Szabolcs-Szatmár-Bereg,Pap,,4631
Veszprém,Pápa,,8500
Veszprém,Pápa,Borsosgyőr,8511
Veszprém,Pápa,Tapolcafő,8598
Veszprém,Pápa,Kéttornyúlak,8591
Veszprém,Pápadereske,,8593
Veszprém,Pápakovácsi,,8596
Veszprém,Pápasalamon,,8594
Veszprém,Pápateszér,,8556
Veszprém,Papkeszi,,8183
Vas,Pápoc,,9515
Szabolcs-Szatmár-Bereg,Papos,,4338
Baranya,Páprád,,7838
Heves,Parád,,3240
Heves,Parádsasvár,,3242
Borsod-Abaúj-Zemplén,Parasznya,,3777
Tolna,Pári,,7091
Szabolcs-Szatmár-Bereg,Paszab,,4475
Nógrád,Pásztó,,3060
Nógrád,Pásztó,Mátrakeresztes,3082
Nógrád,Pásztó,Hasznos,3065
Győr-Moson-Sopron,Pásztori,,9311
Zala,Pat,,8825
Nógrád,Patak,,2648
Somogy,Patalom,,7463
Baranya,Patapoklosi,,7923
Somogy,Patca,,7477
Fejér,Pátka,,8092
Somogy,Patosfa,,7536
Szabolcs-Szatmár-Bereg,Pátroha,,4523
Nógrád,Patvarc,,2668
Pest,Páty,,2071
Szabolcs-Szatmár-Bereg,Pátyod,,4766
Fejér,Pázmánd,,2476
Győr-Moson-Sopron,Pázmándfalu,,9085
Pest,Pécel,,2119
Vas,Pecöl,,9754
Baranya,Pécs,,7622
Baranya,Pécs,,7691
Baranya,Pécs,,7632
Baranya,Pécs,,7625
Baranya,Pécs,,7636
Baranya,Pécs,,7629
Baranya,Pécs,,7624
Baranya,Pécs,,7623
Baranya,Pécs,,7630
Baranya,Pécs,,7635
Baranya,Pécs,,7631
Baranya,Pécs,,7628
Baranya,Pécs,,7633
Baranya,Pécs,,7626
Baranya,Pécs,,7634
Baranya,Pécs,,7600
Baranya,Pécs,,7693
Baranya,Pécs,,7639
Baranya,Pécs,,7627
Baranya,Pécs,,7621
Baranya,Pécsbagota,,7951
Baranya,Pécsdevecser,,7766
Veszprém,Pécsely,,8245
Baranya,Pécsudvard,,7762
Baranya,Pécsvárad,,7720
Baranya,Pellérd,,7831
Heves,Pély,,3381
Pest,Penc,,2614
Szabolcs-Szatmár-Bereg,Penészlek,,4267
Veszprém,Pénzesgyőr,,8426
Szabolcs-Szatmár-Bereg,Penyige,,4941
Győr-Moson-Sopron,Pér,,9099
Pest,Perbál,,2074
Borsod-Abaúj-Zemplén,Pere,,3853
Borsod-Abaúj-Zemplén,Perecse,,3821
Baranya,Pereked,,7664
Vas,Perenye,,9722
Vas,Peresznye,,9734
Győr-Moson-Sopron,Pereszteg,,9484
Fejér,Perkáta,,2431
Borsod-Abaúj-Zemplén,Perkupa,,3756
Pest,Perőcsény,,2637
Baranya,Peterd,,7766
Somogy,Péterhida,,7582
Pest,Péteri,,2209
Heves,Pétervására,,3250
Veszprém,Pétfürdő,,8105
Zala,Pethőhenye,,8921
Szabolcs-Szatmár-Bereg,Petneháza,,4542
Heves,Petőfibánya,,3023
Bács-Kiskun,Petőfiszállás,,6113
Győr-Moson-Sopron,Petőháza,,9443
Vas,Petőmihályfa,,9826
Zala,Petrikeresztúr,,8984
Zala,Petrivente,,8866
Baranya,Pettend,,7980
Nógrád,Piliny,,3134
Pest,Pilis,,2721
Pest,Pilisborosjenő,,2097
Pest,Piliscsaba,,2081
Komárom-Esztergom,Piliscsév,,2519
Pest,Pilisjászfalu,,2080
Komárom-Esztergom,Pilismarót,,2028
Pest,Pilisvörösvár,,2085
Pest,Pilisszántó,,2095
Pest,Pilisszentiván,,2084
Pest,Pilisszentkereszt,,2098
Pest,Pilisszentkereszt,Dobogókő,2099
Pest,Pilisszentlászló,,2009
Tolna,Pincehely,,7084
Vas,Pinkamindszent,,9922
Győr-Moson-Sopron,Pinnye,,9481
Szabolcs-Szatmár-Bereg,Piricse,,4375
Bács-Kiskun,Pirtó,,6414
Baranya,Piskó,,7838
Csongrád-Csanád,Pitvaros,,6914
Baranya,Pócsa,,7756
Hajdú-Bihar,Pocsaj,,4125
Pest,Pócsmegyer,,2017
Szabolcs-Szatmár-Bereg,Pócspetri,,4327
Baranya,Pogány,,7666
Somogy,Pogányszentpéter,,8728
Zala,Pókaszepetk,,8932
Somogy,Polány,,7458
Hajdú-Bihar,Polgár,,4090
Fejér,Polgárdi,,8154
Pest,Pomáz,,2013
Szabolcs-Szatmár-Bereg,Porcsalma,,4761
Vas,Pornóapáti,,9796
Heves,Poroszló,,3388
Vas,Porpác,,9612
Somogy,Porrog,,8858
Somogy,Porrogszentkirály,,8858
Somogy,Porrogszentpál,,8858
Zala,Pórszombat,,8986
Veszprém,Porva,,8429
Vas,Pósfa,,9636
Somogy,Potony,,7977
Győr-Moson-Sopron,Potyond,,9324
Zala,Pölöske,,8929
Zala,Pölöskefő,,8773
Tolna,Pörböly,,7142
Zala,Pördefölde,,8956
Zala,Pötréte,,8767
Borsod-Abaúj-Zemplén,Prügy,,3925
Veszprém,Pula,,8291
Zala,Pusztaapáti,,8986
Nógrád,Pusztaberki,,2658
Győr-Moson-Sopron,Pusztacsalád,,9373
Vas,Pusztacsó,,9739
Szabolcs-Szatmár-Bereg,Pusztadobos,,4565
Zala,Pusztaederics,,8946
Borsod-Abaúj-Zemplén,Pusztafalu,,3995
Békés,Pusztaföldvár,,5919
Tolna,Pusztahencse,,7038
Somogy,Pusztakovácsi,,8707
Zala,Pusztamagyaród,,8895
Csongrád-Csanád,Pusztamérges,,6785
Veszprém,Pusztamiske,,8455
Jász-Nagykun-Szolnok,Pusztamonostor,,5125
Békés,Pusztaottlaka,,5665
Borsod-Abaúj-Zemplén,Pusztaradvány,,3874
Fejér,Pusztaszabolcs,,2490
Somogy,Pusztaszemes,,8619
Zala,Pusztaszentlászló,,8896
Csongrád-Csanád,Pusztaszer,,6769
Pest,Pusztavacs,,2378
Fejér,Pusztavám,,8066
Pest,Pusztazámor,,2039
Borsod-Abaúj-Zemplén,Putnok,,3630
Győr-Moson-Sopron,Püski,,9235
Pest,Püspökhatvan,,2682
Hajdú-Bihar,Püspökladány,,4150
Vas,Püspökmolnári,,9776
Pest,Püspökszilágy,,2166
Győr-Moson-Sopron,Rábacsanak,,9313
Győr-Moson-Sopron,Rábacsécsény,,9136
Vas,Rábagyarmat,,9961
Vas,Rábahídvég,,9777
Győr-Moson-Sopron,Rábakecöl,,9344
Győr-Moson-Sopron,Rábapatona,,9142
Vas,Rábapaty,,9641
Győr-Moson-Sopron,Rábapordány,,9146
Győr-Moson-Sopron,Rábasebes,,9327
Győr-Moson-Sopron,Rábaszentandrás,,9316
Győr-Moson-Sopron,Rábaszentmihály,,9135
Győr-Moson-Sopron,Rábaszentmiklós,,9133
Győr-Moson-Sopron,Rábatamási,,9322
Vas,Rábatöttös,,9766
Győr-Moson-Sopron,Rábcakapi,,9165
Fejér,Rácalmás,,2459
Fejér,Ráckeresztúr,,2465
Pest,Ráckeve,,2300
Pest,Rád,,2613
Baranya,Rádfalva,,7817
Vas,Rádóckölked,,9784
Borsod-Abaúj-Zemplén,Radostyán,,3776
Borsod-Abaúj-Zemplén,Ragály,,3724
Győr-Moson-Sopron,Rajka,,9224
Borsod-Abaúj-Zemplén,Rakaca,,3825
Borsod-Abaúj-Zemplén,Rakacaszend,,3826
Szabolcs-Szatmár-Bereg,Rakamaz,,4465
Nógrád,Rákóczibánya,,3151
Jász-Nagykun-Szolnok,Rákóczifalva,,5085
Jász-Nagykun-Szolnok,Rákócziújfalu,,5084
Somogy,Ráksi,,7464
Zala,Ramocsa,,8973
Szabolcs-Szatmár-Bereg,Ramocsaháza,,4536
Szabolcs-Szatmár-Bereg,Rápolt,,4756
Veszprém,Raposka,,8300
Borsod-Abaúj-Zemplén,Rásonysápberencs,,3833
Borsod-Abaúj-Zemplén,Rátka,,3908
Vas,Rátót,,9951
Győr-Moson-Sopron,Ravazd,,9091
Heves,Recsk,,3245
Komárom-Esztergom,Réde,,2886
Zala,Rédics,,8978
Borsod-Abaúj-Zemplén,Regéc,,3893
Baranya,Regenye,,7833
Tolna,Regöly,,7193
Bács-Kiskun,Rém,,6446
Pest,Remeteszőlős,,2090
Borsod-Abaúj-Zemplén,Répáshuta,,3559
Vas,Répcelak,,9653
Győr-Moson-Sopron,Répceszemere,,9375
Vas,Répceszentgyörgy,,9623
Győr-Moson-Sopron,Répcevis,,9475
Zala,Resznek,,8977
Győr-Moson-Sopron,Rétalap,,9074
Szabolcs-Szatmár-Bereg,Rétközberencs,,4525
Nógrád,Rétság,,2651
Veszprém,Révfülöp,,8253
Borsod-Abaúj-Zemplén,Révleányvár,,3976
Zala,Rezi,,8373
Borsod-Abaúj-Zemplén,Ricse,,3974
Veszprém,Rigács,,8348
Zala,Rigyác,,8883
Nógrád,Rimóc,,3177
Somogy,Rinyabesenyő,,7552
Somogy,Rinyakovácsi,,7527
Somogy,Rinyaszentkirály,,7513
Somogy,Rinyaújlak,,7556
Somogy,Rinyaújnép,,7584
Szabolcs-Szatmár-Bereg,Rohod,,4563
Győr-Moson-Sopron,Románd,,8434
Nógrád,Romhány,,2654
Baranya,Romonya,,7743
Baranya,Rózsafa,,7914
Szabolcs-Szatmár-Bereg,Rozsály,,4971
Heves,Rózsaszentmárton,,3033
Győr-Moson-Sopron,Röjtökmuzsaj,,9451
Vas,Rönök,,9954
Csongrád-Csanád,Röszke,,6758
Borsod-Abaúj-Zemplén,Rudabánya,,3733
Borsod-Abaúj-Zemplén,Rudolftelep,,3742
Vas,Rum,,9766
Csongrád-Csanád,Ruzsa,,6786
Nógrád,Ságújfalu,,3162
Somogy,Ságvár,,8654
Borsod-Abaúj-Zemplén,Sajóbábony,,3792
Borsod-Abaúj-Zemplén,Sajóecseg,,3793
Borsod-Abaúj-Zemplén,Sajógalgóc,,3636
Borsod-Abaúj-Zemplén,Sajóhídvég,,3576
Borsod-Abaúj-Zemplén,Sajóivánka,,3720
Borsod-Abaúj-Zemplén,Sajókápolna,,3773
Borsod-Abaúj-Zemplén,Sajókaza,,3720
Borsod-Abaúj-Zemplén,Sajókeresztúr,,3791
Borsod-Abaúj-Zemplén,Sajólád,,3572
Borsod-Abaúj-Zemplén,Sajólászlófalva,,3773
Borsod-Abaúj-Zemplén,Sajómercse,,3656
Borsod-Abaúj-Zemplén,Sajónémeti,,3652
Borsod-Abaúj-Zemplén,Sajóörös,,3586
Borsod-Abaúj-Zemplén,Sajópálfala,,3714
Borsod-Abaúj-Zemplén,Sajópetri,,3573
Borsod-Abaúj-Zemplén,Sajópüspöki,,3653
Borsod-Abaúj-Zemplén,Sajósenye,,3712
Borsod-Abaúj-Zemplén,Sajószentpéter,,3770
Borsod-Abaúj-Zemplén,Sajószöged,,3599
Borsod-Abaúj-Zemplén,Sajóvámos,,3712
Borsod-Abaúj-Zemplén,Sajóvelezd,,3656
Vas,Sajtoskál,,9632
Veszprém,Salföld,,8256
Nógrád,Salgótarján,,3100
Nógrád,Salgótarján,Baglyasalja,3102
Nógrád,Salgótarján,Zagyvapálfalva,3104
Nógrád,Salgótarján,Salgóbánya,3109
Nógrád,Salgótarján,Zagyvaróna,3141
Vas,Salköveskút,,9742
Zala,Salomvár,,8995
Borsod-Abaúj-Zemplén,Sály,,3425
Baranya,Sámod,,7841
Nógrád,Sámsonháza,,3074
Zala,Sand,,8824
Csongrád-Csanád,Sándorfalva,,6762
Somogy,Sántos,,7479
Hajdú-Bihar,Sáp,,4176
Hajdú-Bihar,Sáránd,,4272
Borsod-Abaúj-Zemplén,Sárazsadány,,3942
Fejér,Sárbogárd,,7000
Fejér,Sárbogárd,Sárszentmiklós,7003
Fejér,Sárbogárd,Pusztaegres,7018
Fejér,Sárbogárd,Sárhatvan,7019
Fejér,Sáregres,,7014
Vas,Sárfimizdó,,9813
Zala,Sárhida,,8944
Komárom-Esztergom,Sárisáp,,2523
Békés,Sarkad,,5720
Békés,Sarkadkeresztúr,,5731
Fejér,Sárkeresztes,,8051
Fejér,Sárkeresztúr,,8125
Fejér,Sárkeszi,,8144
Zala,Sármellék,,8391
Baranya,Sárok,,7781
Fejér,Sárosd,,2433
Borsod-Abaúj-Zemplén,Sárospatak,,3950
Tolna,Sárpilis,,7145
Hajdú-Bihar,Sárrétudvari,,4171
Győr-Moson-Sopron,Sarród,Fertőújlak,9434
Győr-Moson-Sopron,Sarród,,9435
Győr-Moson-Sopron,Sarród,Nyárliget,9438
Fejér,Sárszentágota,,8126
Tolna,Sárszentlőrinc,,7047
Fejér,Sárszentmihály,,8143
Heves,Sarud,,3386
Vas,Sárvár,Rábasömjén,9608
Vas,Sárvár,,9600
Vas,Sárvár,Lánkapuszta,9609
Baranya,Sásd,,7370
Veszprém,Sáska,,8308
Borsod-Abaúj-Zemplén,Sáta,,3659
Borsod-Abaúj-Zemplén,Sátoraljaújhely,Károlyfalva,3944
Borsod-Abaúj-Zemplén,Sátoraljaújhely,Rudabányácska,3945
Borsod-Abaúj-Zemplén,Sátoraljaújhely,,3980
Borsod-Abaúj-Zemplén,Sátoraljaújhely,Széphalom,3988
Baranya,Sátorhely,,7785
Somogy,Sávoly,,8732
Vas,Sé,,9789
Somogy,Segesd,,7562
Borsod-Abaúj-Zemplén,Selyeb,,3809
Baranya,Sellye,,7960
Borsod-Abaúj-Zemplén,Semjén,,3974
Zala,Semjénháza,,8862
Zala,Sénye,,8788
Szabolcs-Szatmár-Bereg,Sényő,,4533
Fejér,Seregélyes,,8111
Borsod-Abaúj-Zemplén,Serényfalva,,3729
Somogy,Sérsekszőlős,,8660
Győr-Moson-Sopron,Sikátor,,8439
Baranya,Siklós,,7800
Baranya,Siklósbodony,,7814
Baranya,Siklósnagyfalu,,7823
Borsod-Abaúj-Zemplén,Sima,,3881
Vas,Simaság,,9633
Somogy,Simonfa,,7474
Tolna,Simontornya,,7081
Tolna,Sióagárd,,7171
Somogy,Siófok,,8600
Somogy,Siójut,,8652
Heves,Sirok,,3332
Vas,Sitke,,9671
Győr-Moson-Sopron,Sobor,,9315
Győr-Moson-Sopron,Sokorópátka,,9112
Bács-Kiskun,Solt,,6320
Bács-Kiskun,Soltszentimre,,6223
Bács-Kiskun,Soltvadkert,,6230
Veszprém,Sóly,,8193
Pest,Solymár,,2083
Somogy,Som,,8655
Baranya,Somberek,,7728
Veszprém,Somlójenő,,8478
Veszprém,Somlószőlős,,8483
Veszprém,Somlóvásárhely,,8481
Veszprém,Somlóvecse,,8484
Somogy,Somodor,,7454
Somogy,Somogyacsa,,7283
Baranya,Somogyapáti,,7922
Somogy,Somogyaracs,,7584
Somogy,Somogyaszaló,,7452
Somogy,Somogybabod,,8684
Somogy,Somogybükkösd,,8858
Somogy,Somogycsicsó,,8726
Somogy,Somogydöröcske,,7284
Somogy,Somogyegres,,8666
Somogy,Somogyfajsz,,8708
Somogy,Somogygeszti,,7455
Baranya,Somogyhárságy,,7925
Baranya,Somogyhatvan,,7921
Somogy,Somogyjád,,7443
Somogy,Somogymeggyes,,8673
Somogy,Somogysámson,,8733
Somogy,Somogysárd,,7435
Somogy,Somogysimonyi,,8737
Somogy,Somogyszentpál,,8705
Somogy,Somogyszil,,7276
Somogy,Somogyszob,,7563
Somogy,Somogytúr,,8683
Somogy,Somogyudvarhely,,7515
Somogy,Somogyvámos,,8699
Somogy,Somogyvár,,8698
Baranya,Somogyviszló,,7924
Somogy,Somogyzsitfa,,8734
Nógrád,Somoskőújfalu,,3121
Szabolcs-Szatmár-Bereg,Sonkád,,4954
Fejér,Soponya,,8123
Győr-Moson-Sopron,Sopron,Balf,9494
Győr-Moson-Sopron,Sopron,,9400
Győr-Moson-Sopron,Sopron,Sopronkőhida,9407
Győr-Moson-Sopron,Sopron,Brennbergbánya,9408
Győr-Moson-Sopron,Sopronhorpács,,9463
Győr-Moson-Sopron,Sopronkövesd,,9483
Győr-Moson-Sopron,Sopronnémeti,,9325
Vas,Sorkifalud,,9774
Vas,Sorkikápolna,,9774
Zala,Sormás,,8881
Vas,Sorokpolány,,9773
Nógrád,Sóshartyán,,3131
Pest,Sóskút,,2038
Borsod-Abaúj-Zemplén,Sóstófalva,,3716
Baranya,Sósvertike,,7960
Vas,Sótony,,9681
Zala,Söjtör,,8897
Vas,Söpte,,9743
Fejér,Söréd,,8072
Fejér,Sukoró,,8096
Baranya,Sumony,,7960
Komárom-Esztergom,Súr,,2889
Zala,Surd,,8856
Bács-Kiskun,Sükösd,,6346
Pest,Sülysáp,,2241
Veszprém,Sümeg,,8330
Zala,Sümegcsehi,,8357
Veszprém,Sümegprága,,8351
Komárom-Esztergom,Süttő,,2543
Fejér,Szabadbattyán,,8151
Fejér,Szabadegyháza,,2432
Fejér,Szabadhídvég,,8138
Fejér,Szabadhídvég,Pélpuszta,8139
Somogy,Szabadi,,7253
Békés,Szabadkígyós,,5712
Bács-Kiskun,Szabadszállás,,6080
Baranya,Szabadszentkirály,,7951
Somogy,Szabás,,7544
Szabolcs-Szatmár-Bereg,Szabolcs,,4467
Szabolcs-Szatmár-Bereg,Szabolcsbáka,,4547
Szabolcs-Szatmár-Bereg,Szabolcsveresmart,,4496
Pest,Szada,,2111
Baranya,Szágy,,7383
Baranya,Szajk,,7753
Heves,Szajla,,3334
Jász-Nagykun-Szolnok,Szajol,,5081
Borsod-Abaúj-Zemplén,Szakácsi,,3786
Tolna,Szakadát,,7071
Borsod-Abaúj-Zemplén,Szakáld,,3596
Tolna,Szakály,,7192
Tolna,Szakcs,,7213
Bács-Kiskun,Szakmár,,6336
Vas,Szaknyér,,9934
Szabolcs-Szatmár-Bereg,Szakoly,,4234
Győr-Moson-Sopron,Szakony,,9474
Vas,Szakonyfalu,,9983
Komárom-Esztergom,Szákszend,,2856
Vas,Szalafő,,9942
Baranya,Szalánta,,7811
Zala,Szalapa,,8341
Borsod-Abaúj-Zemplén,Szalaszend,,3863
Baranya,Szalatnak,,7334
Tolna,Szálka,,7121
Bács-Kiskun,Szalkszentmárton,,6086
Nógrád,Szalmatercs,,3163
Borsod-Abaúj-Zemplén,Szalonna,,3754
Szabolcs-Szatmár-Bereg,Szamosangyalos,,4767
Szabolcs-Szatmár-Bereg,Szamosbecs,,4745
Szabolcs-Szatmár-Bereg,Szamoskér,,4721
Szabolcs-Szatmár-Bereg,Szamossályi,,4735
Szabolcs-Szatmár-Bereg,Szamostatárfalva,,4746
Szabolcs-Szatmár-Bereg,Szamosújlak,,4734
Szabolcs-Szatmár-Bereg,Szamosszeg,,4824
Nógrád,Szanda,,2697
Bács-Kiskun,Szank,,6131
Somogy,Szántód,,8622
Győr-Moson-Sopron,Szany,,9317
Veszprém,Szápár,,8423
Baranya,Szaporca,,7843
Fejér,Szár,,2066
Baranya,Szárász,,7188
Tolna,Szárazd,,7063
Győr-Moson-Sopron,Szárföld,,9353
Komárom-Esztergom,Szárliget,,2067
Békés,Szarvas,,5540
Nógrád,Szarvasgede,,3051
Vas,Szarvaskend,,9913
Heves,Szarvaskő,,3323
Jász-Nagykun-Szolnok,Szászberek,,5053
Borsod-Abaúj-Zemplén,Szászfa,,3821
Baranya,Szászvár,,7349
Szabolcs-Szatmár-Bereg,Szatmárcseke,,4945
Nógrád,Szátok,,2656
Vas,Szatta,,9938
Csongrád-Csanád,Szatymaz,,6763
Baranya,Szava,,7813
Pest,Százhalombatta,,2440
Baranya,Szebény,,7725
Nógrád,Szécsénke,,2692
Nógrád,Szécsény,,3170
Nógrád,Szécsényfelfalu,,3135
Zala,Szécsisziget,,8879
Baranya,Szederkény,,7751
Tolna,Szedres,,7056
Csongrád-Csanád,Szeged,,6728
Csongrád-Csanád,Szeged,,6726
Csongrád-Csanád,Szeged,,6700
Csongrád-Csanád,Szeged,,6753
Csongrád-Csanád,Szeged,,6727
Csongrád-Csanád,Szeged,,6724
Csongrád-Csanád,Szeged,,6791
Csongrád-Csanád,Szeged,,6729
Csongrád-Csanád,Szeged,,6722
Csongrád-Csanád,Szeged,,6723
Csongrád-Csanád,Szeged,,6710
Csongrád-Csanád,Szeged,,6725
Csongrád-Csanád,Szeged,,6757
Csongrád-Csanád,Szeged,,6720
Csongrád-Csanád,Szeged,,6771
Csongrád-Csanád,Szeged,,6721
Somogy,Szegerdő,,8732
Békés,Szeghalom,,5520
Borsod-Abaúj-Zemplén,Szegi,,3918
Borsod-Abaúj-Zemplén,Szegilong,,3918
Csongrád-Csanád,Szegvár,,6635
Szabolcs-Szatmár-Bereg,Székely,,4534
Baranya,Székelyszabar,,7737
Fejér,Székesfehérvár,Börgönd,8019
Fejér,Székesfehérvár,,8000
Csongrád-Csanád,Székkutas,,6821
Tolna,Szekszárd,,7100
Vas,Szeleste,,9622
Jász-Nagykun-Szolnok,Szelevény,,5476
Baranya,Szellő,,7661
Baranya,Szemely,,7763
Vas,Szemenye,,9685
Borsod-Abaúj-Zemplén,Szemere,,3866
Nógrád,Szendehely,,2640
Borsod-Abaúj-Zemplén,Szendrő,,3752
Borsod-Abaúj-Zemplén,Szendrőlád,,3751
Somogy,Szenna,,7477
Somogy,Szenta,,8849
Veszprém,Szentantalfa,,8272
Somogy,Szentbalázs,,7472
Veszprém,Szentbékkálla,,8281
Somogy,Szentborbás,,7918
Baranya,Szentdénes,,7913
Heves,Szentdomonkos,,3259
Nógrád,Szente,,2655
Baranya,Szentegát,,7915
Pest,Szentendre,,2000
Csongrád-Csanád,Szentes,,6600
Veszprém,Szentgál,,8444
Somogy,Szentgáloskér,,7465
Vas,Szentgotthárd,Farkasfa,9981
Vas,Szentgotthárd,,9970
Vas,Szentgotthárd,Rábafüzes,9955
Zala,Szentgyörgyvár,,8393
Zala,Szentgyörgyvölgy,,8975
Veszprém,Szentimrefalva,,8475
Borsod-Abaúj-Zemplén,Szentistván,,3418
Borsod-Abaúj-Zemplén,Szentistvánbaksa,,3844
Veszprém,Szentjakabfa,,8272
Baranya,Szentkatalin,,7681
Bács-Kiskun,Szentkirály,,6031
Veszprém,Szentkirályszabadja,,8225
Zala,Szentkozmadombja,,8947
Baranya,Szentlászló,,7936
Zala,Szentliszló,,8893
Baranya,Szentlőrinc,,7940
Pest,Szentlőrinckáta,,2255
Zala,Szentmargitfalva,,8872
Pest,Szentmártonkáta,,2254
Vas,Szentpéterfa,,9799
Zala,Szentpéterfölde,,8953
Hajdú-Bihar,Szentpéterszeg,,4121
Zala,Szentpéterúr,,8762
Somogy,Szenyér,,8717
Zala,Szepetnek,,8861
Győr-Moson-Sopron,Szerecseny,,9125
Bács-Kiskun,Szeremle,,6512
Borsod-Abaúj-Zemplén,Szerencs,,3900
Borsod-Abaúj-Zemplén,Szerencs,Ond,3902
Hajdú-Bihar,Szerep,Hosszúhát,4162
Hajdú-Bihar,Szerep,,4163
Vas,Szergény,,9523
Pest,Szigetbecse,,2321
Pest,Szigetcsép,,2317
Pest,Szigethalom,,2315
Pest,Szigetmonostor,,2015
Pest,Szigetszentmárton,,2318
Pest,Szigetszentmiklós,,2310
Pest,Szigetújfalu,,2319
Baranya,Szigetvár,,7900
Veszprém,Szigliget,,8264
Heves,Szihalom,,3377
Zala,Szijártóháza,,8969
Borsod-Abaúj-Zemplén,Szikszó,,3800
Győr-Moson-Sopron,Szil,,9326
Baranya,Szilágy,,7664
Nógrád,Szilaspogony,,3125
Győr-Moson-Sopron,Szilsárkány,,9312
Zala,Szilvágy,,8986
Baranya,Szilvás,,7811
Heves,Szilvásvárad,,3348
Somogy,Szilvásszentmárton,,7477
Borsod-Abaúj-Zemplén,Szin,,3761
Borsod-Abaúj-Zemplén,Szinpetri,,3761
Nógrád,Szirák,,3044
Borsod-Abaúj-Zemplén,Szirmabesenyő,,3711
Pest,Szob,,2628
Pest,Szokolya,,2624
Somogy,Szólád,,8625
Jász-Nagykun-Szolnok,Szolnok,Szandaszőlős,5008
Jász-Nagykun-Szolnok,Szolnok,,5000
Vas,Szombathely,,9700
Vas,Szombathely,Herény,9707
Komárom-Esztergom,Szomód,,2896
Borsod-Abaúj-Zemplén,Szomolya,,3411
Komárom-Esztergom,Szomor,,2822
Szabolcs-Szatmár-Bereg,Szorgalmatos,,4441
Somogy,Szorosad,,7285
Veszprém,Szőc,,8452
Vas,Szőce,,9935
Pest,Sződ,,2134
Pest,Sződliget,,2133
Borsod-Abaúj-Zemplén,Szögliget,,3762
Baranya,Szőke,,7833
Baranya,Szőkéd,,7763
Somogy,Szőkedencs,,8736
Borsod-Abaúj-Zemplén,Szőlősardó,,3757
Somogy,Szőlősgyörök,,8692
Baranya,Szörény,,7976
Heves,Szúcs,,3341
Nógrád,Szuha,,3154
Borsod-Abaúj-Zemplén,Szuhafő,,3726
Borsod-Abaúj-Zemplén,Szuhakálló,,3731
Borsod-Abaúj-Zemplén,Szuhogy,,3734
Baranya,Szulimán,,7932
Somogy,Szulok,,7539
Nógrád,Szurdokpüspöki,,3064
Heves,Szűcsi,,3034
Nógrád,Szügy,,2699
Baranya,Szűr,,7735
Somogy,Tab,,8660
Fejér,Tabajd,,8088
Bács-Kiskun,Tabdi,,6224
Pest,Táborfalva,,2381
Fejér,Tác,,8121
Veszprém,Tagyon,,8272
Pest,Tahitótfalu,Tótfalu,2021
Pest,Tahitótfalu,Tahi,2022
Veszprém,Takácsi,,8541
Szabolcs-Szatmár-Bereg,Tákos,,4845
Pest,Taksony,,2335
Borsod-Abaúj-Zemplén,Taktabáj,,3926
Borsod-Abaúj-Zemplén,Taktaharkány,,3922
Borsod-Abaúj-Zemplén,Taktakenéz,,3924
Borsod-Abaúj-Zemplén,Taktaszada,,3921
Veszprém,Taliándörögd,,8295
Borsod-Abaúj-Zemplén,Tállya,,3907
Tolna,Tamási,,7090
Vas,Tanakajd,,9762
Győr-Moson-Sopron,Táp,,9095
Pest,Tápióbicske,,2764
Pest,Tápiógyörgye,,2767
Pest,Tápióság,,2253
Pest,Tápiószecső,,2251
Pest,Tápiószele,,2766
Pest,Tápiószentmárton,,2711
Pest,Tápiószőlős,,2769
Vas,Táplánszentkereszt,,9761
Veszprém,Tapolca,Diszel,8297
Veszprém,Tapolca,,8300
Somogy,Tapsony,,8718
Győr-Moson-Sopron,Tápszentmiklós,,9094
Nógrád,Tar,,3073
Somogy,Tarany,,7514
Borsod-Abaúj-Zemplén,Tarcal,,3915
Borsod-Abaúj-Zemplén,Tard,,3416
Borsod-Abaúj-Zemplén,Tardona,,3644
Komárom-Esztergom,Tardos,,2834
Békés,Tarhos,,5641
Komárom-Esztergom,Tarján,,2831
Győr-Moson-Sopron,Tarjánpuszta,,9092
Komárom-Esztergom,Tárkány,Ölbőpuszta,2943
Komárom-Esztergom,Tárkány,,2945
Heves,Tarnabod,,3369
Heves,Tarnalelesz,,3258
Heves,Tarnaméra,,3284
Heves,Tarnaörs,,3294
Heves,Tarnaszentmária,,3331
Heves,Tarnaszentmiklós,,3382
Heves,Tarnazsadány,,3283
Pest,Tárnok,,2461
Győr-Moson-Sopron,Tárnokréti,,9165
Szabolcs-Szatmár-Bereg,Tarpa,,4931
Baranya,Tarrós,,7362
Somogy,Táska,,8696
Bács-Kiskun,Tass,,6098
Somogy,Taszár,,7261
Komárom-Esztergom,Tát,,2534
Komárom-Esztergom,Tata,Agostyán,2835
Komárom-Esztergom,Tata,,2890
Komárom-Esztergom,Tatabánya,,2800
Bács-Kiskun,Tataháza,,6451
Pest,Tatárszentgyörgy,,2375
Bács-Kiskun,Tázlár,,6236
Hajdú-Bihar,Téglás,,4243
Zala,Tekenye,,8793
Baranya,Tékes,,7381
Baranya,Teklafalu,,7973
Vas,Telekes,,9812
Békés,Telekgerendás,,5675
Somogy,Teleki,,8626
Pest,Telki,,2089
Borsod-Abaúj-Zemplén,Telkibánya,,3896
Tolna,Tengelic,,7054
Baranya,Tengeri,,7834
Somogy,Tengőd,,8668
Heves,Tenk,,3359
Győr-Moson-Sopron,Tényő,,9111
Hajdú-Bihar,Tépe,,4132
Szabolcs-Szatmár-Bereg,Terem,,4342
Nógrád,Terény,,2696
Nógrád,Tereske,,2652
Borsod-Abaúj-Zemplén,Teresztenye,,3757
Heves,Terpes,,3333
Veszprém,Tés,,8109
Pest,Tésa,,2636
Baranya,Tésenfa,,7843
Baranya,Téseny,,7834
Zala,Teskánd,,8991
Győr-Moson-Sopron,Tét,,9100
Hajdú-Bihar,Tetétlen,,4184
Tolna,Tevel,,7181
Borsod-Abaúj-Zemplén,Tibolddaróc,,3423
Szabolcs-Szatmár-Bereg,Tiborszállás,,4353
Veszprém,Tihany,,8237
Somogy,Tikos,,8731
Zala,Tilaj,,8782
Szabolcs-Szatmár-Bereg,Timár,,4466
Pest,Tinnye,,2086
Szabolcs-Szatmár-Bereg,Tiszaadony,,4833
Bács-Kiskun,Tiszaalpár,Alpár,6066
Bács-Kiskun,Tiszaalpár,Tiszaújfalu,6067
Borsod-Abaúj-Zemplén,Tiszabábolna,,3465
Szabolcs-Szatmár-Bereg,Tiszabecs,,4951
Szabolcs-Szatmár-Bereg,Tiszabercel,,4474
Szabolcs-Szatmár-Bereg,Tiszabezdéd,,4624
Jász-Nagykun-Szolnok,Tiszabő,,5232
Jász-Nagykun-Szolnok,Tiszabura,,5235
Szabolcs-Szatmár-Bereg,Tiszacsécse,,4947
Hajdú-Bihar,Tiszacsege,,4066
Borsod-Abaúj-Zemplén,Tiszacsermely,,3972
Szabolcs-Szatmár-Bereg,Tiszadada,,4455
Jász-Nagykun-Szolnok,Tiszaderzs,,5243
Szabolcs-Szatmár-Bereg,Tiszadob,,4456
Borsod-Abaúj-Zemplén,Tiszadorogma,,3466
Szabolcs-Szatmár-Bereg,Tiszaeszlár,Bashalom,4446
Szabolcs-Szatmár-Bereg,Tiszaeszlár,,4464
Jász-Nagykun-Szolnok,Tiszaföldvár,,5430
Jász-Nagykun-Szolnok,Tiszaföldvár,Homok,5461
Jász-Nagykun-Szolnok,Tiszafüred,Tiszaörvény,5358
Jász-Nagykun-Szolnok,Tiszafüred,Kócsújfalu,5359
Jász-Nagykun-Szolnok,Tiszafüred,,5350
Jász-Nagykun-Szolnok,Tiszagyenda,,5233
Hajdú-Bihar,Tiszagyulaháza,,4097
Jász-Nagykun-Szolnok,Tiszaigar,,5361
Jász-Nagykun-Szolnok,Tiszainoka,,5464
Jász-Nagykun-Szolnok,Tiszajenő,,5094
Szabolcs-Szatmár-Bereg,Tiszakanyár,,4493
Borsod-Abaúj-Zemplén,Tiszakarád,,3971
Bács-Kiskun,Tiszakécske,,6060
Bács-Kiskun,Tiszakécske,Tiszabög,6062
Szabolcs-Szatmár-Bereg,Tiszakerecseny,,4834
Borsod-Abaúj-Zemplén,Tiszakeszi,,3458
Szabolcs-Szatmár-Bereg,Tiszakóród,,4946
Jász-Nagykun-Szolnok,Tiszakürt,,5471
Borsod-Abaúj-Zemplén,Tiszaladány,,3929
Szabolcs-Szatmár-Bereg,Tiszalök,Kisfástanya,4447
Szabolcs-Szatmár-Bereg,Tiszalök,,4450
Borsod-Abaúj-Zemplén,Tiszalúc,,3565
Szabolcs-Szatmár-Bereg,Tiszamogyorós,,4645
Szabolcs-Szatmár-Bereg,Tiszanagyfalu,,4463
Heves,Tiszanána,,3385
Jász-Nagykun-Szolnok,Tiszaörs,,5362
Borsod-Abaúj-Zemplén,Tiszapalkonya,,3587
Jász-Nagykun-Szolnok,Tiszapüspöki,,5211
Szabolcs-Szatmár-Bereg,Tiszarád,,4503
Jász-Nagykun-Szolnok,Tiszaroff,,5234
Jász-Nagykun-Szolnok,Tiszasas,,5474
Jász-Nagykun-Szolnok,Tiszasüly,,5061
Szabolcs-Szatmár-Bereg,Tiszaszalka,,4831
Jász-Nagykun-Szolnok,Tiszaszentimre,,5322
Jász-Nagykun-Szolnok,Tiszaszentimre,Újszentgyörgy,5323
Szabolcs-Szatmár-Bereg,Tiszaszentmárton,,4628
Csongrád-Csanád,Tiszasziget,,6756
Jász-Nagykun-Szolnok,Tiszaszőlős,,5244
Borsod-Abaúj-Zemplén,Tiszatardos,,3928
Borsod-Abaúj-Zemplén,Tiszatarján,,3589
Szabolcs-Szatmár-Bereg,Tiszatelek,Kétérköz,4486
Szabolcs-Szatmár-Bereg,Tiszatelek,,4487
Jász-Nagykun-Szolnok,Tiszatenyő,,5082
Bács-Kiskun,Tiszaug,,6064
Borsod-Abaúj-Zemplén,Tiszaújváros,,3580
Borsod-Abaúj-Zemplén,Tiszavalk,,3464
Jász-Nagykun-Szolnok,Tiszavárkony,Tiszavárkonyi Szőlők,5095
Jász-Nagykun-Szolnok,Tiszavárkony,,5092
Szabolcs-Szatmár-Bereg,Tiszavasvári,,4440
Szabolcs-Szatmár-Bereg,Tiszavid,,4832
Szabolcs-Szatmár-Bereg,Tisztaberek,,4969
Szabolcs-Szatmár-Bereg,Tivadar,,4921
Pest,Tóalmás,,2252
Heves,Tófalu,,3354
Zala,Tófej,,8946
Baranya,Tófű,,7348
Borsod-Abaúj-Zemplén,Tokaj,,3910
Komárom-Esztergom,Tokod,,2531
Komárom-Esztergom,Tokodaltáró,,2532
Vas,Tokorcs,,9561
Borsod-Abaúj-Zemplén,Tolcsva,,3934
Hajdú-Bihar,Told,,4117
Nógrád,Tolmács,,2657
Tolna,Tolna,Mözs,7131
Tolna,Tolna,,7130
Tolna,Tolnanémedi,,7083
Jász-Nagykun-Szolnok,Tomajmonostora,,5324
Borsod-Abaúj-Zemplén,Tomor,,3787
Bács-Kiskun,Tompa,,6422
Vas,Tompaládony,,9662
Fejér,Tordas,,2463
Zala,Tormafölde,,8876
Baranya,Tormás,,7383
Vas,Tormásliget,,9736
Borsod-Abaúj-Zemplén,Tornabarakony,,3765
Borsod-Abaúj-Zemplén,Tornakápolna,,3761
Borsod-Abaúj-Zemplén,Tornanádaska,,3767
Borsod-Abaúj-Zemplén,Tornaszentandrás,,3765
Borsod-Abaúj-Zemplén,Tornaszentjakab,,3769
Zala,Tornyiszentmiklós,,8877
Borsod-Abaúj-Zemplén,Tornyosnémeti,,3877
Szabolcs-Szatmár-Bereg,Tornyospálca,,4642
Vas,Torony,,9791
Somogy,Torvaj,,8660
Jász-Nagykun-Szolnok,Tószeg,,5091
Békés,Tótkomlós,,5940
Baranya,Tótszentgyörgy,,7981
Zala,Tótszentmárton,,8865
Zala,Tótszerdahely,,8864
Somogy,Tótújfalu,,7918
Veszprém,Tótvázsony,,8246
Pest,Tök,,2073
Pest,Tököl,,2316
Győr-Moson-Sopron,Töltéstava,,9086
Vas,Tömörd,,9738
Csongrád-Csanád,Tömörkény,,6646
Pest,Törökbálint,,2045
Somogy,Törökkoppány,,7285
Jász-Nagykun-Szolnok,Törökszentmiklós,,5200
Jász-Nagykun-Szolnok,Törökszentmiklós,Surjány,5212
Pest,Törtel,,2747
Baranya,Töttös,,7755
Borsod-Abaúj-Zemplén,Trizs,,3724
Szabolcs-Szatmár-Bereg,Tunyogmatolcs,,4731
Pest,Tura,,2194
Szabolcs-Szatmár-Bereg,Túristvándi,,4944
Jász-Nagykun-Szolnok,Túrkeve,,5420
Baranya,Túrony,,7811
Szabolcs-Szatmár-Bereg,Túrricse,,4968
Szabolcs-Szatmár-Bereg,Tuzsér,,4623
Zala,Türje,,8796
Veszprém,Tüskevár,,8477
Szabolcs-Szatmár-Bereg,Tyukod,,4762
Baranya,Udvar,,7718
Tolna,Udvari,,7066
Veszprém,Ugod,,8564
Fejér,Újbarok,,2066
Borsod-Abaúj-Zemplén,Újcsanálos,,3716
Szabolcs-Szatmár-Bereg,Újdombrád,,4491
Szabolcs-Szatmár-Bereg,Újfehértó,,4244
Pest,Újhartyán,,2367
Hajdú-Bihar,Újiráz,,4146
Tolna,Újireg,,7095
Szabolcs-Szatmár-Bereg,Újkenéz,,4635
Győr-Moson-Sopron,Újkér,,9472
Békés,Újkígyós,,5661
Pest,Újlengyel,,2724
Hajdú-Bihar,Újléta,,4288
Heves,Újlőrincfalva,,3387
Baranya,Újpetre,,7766
Győr-Moson-Sopron,Újrónafő,,9244
Bács-Kiskun,Újsolt,,6321
Békés,Újszalonta,,5727
Jász-Nagykun-Szolnok,Újszász,,5052
Csongrád-Csanád,Újszentiván,,6754
Hajdú-Bihar,Újszentmargita,,4065
Pest,Újszilvás,,2768
Bács-Kiskun,Újtelek,,6337
Hajdú-Bihar,Újtikos,,4096
Zala,Újudvar,,8778
Somogy,Újvárfalva,,7436
Veszprém,Ukk,,8347
Győr-Moson-Sopron,Und,,9464
Komárom-Esztergom,Úny,,2528
Borsod-Abaúj-Zemplén,Uppony,,3622
Szabolcs-Szatmár-Bereg,Ura,,4763
Vas,Uraiújfalu,,9651
Fejér,Úrhida,,8142
Pest,Úri,,2244
Veszprém,Úrkút,,8409
Szabolcs-Szatmár-Bereg,Uszka,,4952
Bács-Kiskun,Uszód,,6332
Veszprém,Uzsa,,8321
Csongrád-Csanád,Üllés,,6794
Pest,Üllő,,2225
Pest,Üröm,,2096
Pest,Vác,,2600
Pest,Vácduka,,2167
Pest,Vácegres,,2184
Pest,Váchartyán,,2164
Pest,Váckisújfalu,,2185
Pest,Vácrátót,,2163
Pest,Vácszentlászló,,2115
Borsod-Abaúj-Zemplén,Vadna,,3636
Győr-Moson-Sopron,Vadosfa,,9346
Győr-Moson-Sopron,Vág,,9327
Borsod-Abaúj-Zemplén,Vágáshuta,,3992
Szabolcs-Szatmár-Bereg,Vaja,,4562
Borsod-Abaúj-Zemplén,Vajdácska,,3961
Baranya,Vajszló,,7838
Fejér,Vajta,,7041
Fejér,Vál,,2473
Pest,Valkó,,2114
Zala,Valkonya,,8885
Szabolcs-Szatmár-Bereg,Vállaj,,4351
Zala,Vállus,,8316
Szabolcs-Szatmár-Bereg,Vámosatya,,4936
Vas,Vámoscsalád,,9665
Heves,Vámosgyörk,,3291
Pest,Vámosmikola,,2635
Szabolcs-Szatmár-Bereg,Vámosoroszi,,4966
Hajdú-Bihar,Vámospércs,,4287
Borsod-Abaúj-Zemplén,Vámosújfalu,,3941
Győr-Moson-Sopron,Vámosszabadi,,9061
Győr-Moson-Sopron,Vámosszabadi,Szitásdomb,9064
Hajdú-Bihar,Váncsod,,4119
Nógrád,Vanyarc,,2688
Veszprém,Vanyola,,8552
Baranya,Várad,,7973
Tolna,Váralja,,7354
Somogy,Varászló,,8723
Heves,Váraszó,,3254
Győr-Moson-Sopron,Várbalog,,9243
Borsod-Abaúj-Zemplén,Varbó,,3778
Borsod-Abaúj-Zemplén,Varbóc,,3756
Somogy,Várda,,7442
Tolna,Várdomb,,7146
Zala,Várfölde,,8891
Baranya,Varga,,7370
Komárom-Esztergom,Várgesztes,,2824
Veszprém,Várkesző,,8523
Tolna,Várong,,7214
Bács-Kiskun,Városföld,,6033
Veszprém,Városlőd,,8445
Veszprém,Várpalota,,8100
Tolna,Varsád,,7067
Nógrád,Varsány,,3178
Zala,Várvölgy,,8316
Pest,Vasad,,2211
Vas,Vasalja,,9921
Baranya,Vásárosbéc,,7926
Baranya,Vásárosdombó,,7362
Győr-Moson-Sopron,Vásárosfalu,,9343
Vas,Vásárosmiske,,9552
Szabolcs-Szatmár-Bereg,Vásárosnamény,Vitka,4804
Szabolcs-Szatmár-Bereg,Vásárosnamény,,4800
Szabolcs-Szatmár-Bereg,Vásárosnamény,Gergelyiugornya,4803
Vas,Vasasszonyfa,,9744
Zala,Vasboldogasszony,,8914
Vas,Vasegerszeg,,9661
Vas,Vashosszúfalu,,9674
Vas,Vaskeresztes,,9795
Bács-Kiskun,Vaskút,,6521
Szabolcs-Szatmár-Bereg,Vasmegyer,,4502
Zala,Vaspör,,8998
Vas,Vassurány,,9741
Vas,Vasvár,,9800
Veszprém,Vaszar,,8542
Veszprém,Vászoly,,8245
Vas,Vasszécseny,,9763
Vas,Vasszentmihály,,9953
Vas,Vasszilvágy,,9747
Vas,Vát,,9748
Borsod-Abaúj-Zemplén,Vatta,,3431
Baranya,Vázsnok,,7370
Heves,Vécs,,3265
Pest,Vecsés,,2220
Békés,Végegyháza,,5811
Baranya,Vejti,,7838
Baranya,Vékény,,7333
Hajdú-Bihar,Vekerd,,4143
Vas,Velem,,9726
Vas,Velemér,,9946
Fejér,Velence,,2481
Baranya,Velény,,7951
Baranya,Véménd,,7726
Győr-Moson-Sopron,Vének,,9062
Vas,Vép,,9751
Fejér,Vereb,,2477
Pest,Veresegyház,,2112
Pest,Verőce,,2621
Heves,Verpelét,,3351
Pest,Verseg,,2174
Baranya,Versend,,7752
Fejér,Vértesacsa,,8089
Fejér,Vértesboglár,,8085
Komárom-Esztergom,Vérteskethely,,2859
Komárom-Esztergom,Vértessomló,,2823
Komárom-Esztergom,Vértestolna,,2833
Komárom-Esztergom,Vértesszőlős,,2837
Somogy,Vése,,8721
Győr-Moson-Sopron,Veszkény,,9352
Veszprém,Veszprém,,8200
Veszprém,Veszprém,Gyulafirátót,8412
Veszprém,Veszprém,Kádárta,8411
Veszprém,Veszprémfajsz,,8248
Veszprém,Veszprémgalsa,,8475
Győr-Moson-Sopron,Veszprémvarsány,,8438
Békés,Vésztő,,5530
Jász-Nagykun-Szolnok,Vezseny,,5093
Veszprém,Vid,,8484
Veszprém,Vigántpetend,,8294
Baranya,Villány,,7773
Baranya,Villánykövesd,,7772
Borsod-Abaúj-Zemplén,Vilmány,,3891
Veszprém,Vilonya,,8194
Borsod-Abaúj-Zemplén,Vilyvitány,,3991
Veszprém,Vinár,,9534
Zala,Vindornyafok,,8354
Zala,Vindornyalak,,8353
Zala,Vindornyaszőlős,,8355
Pest,Visegrád,,2025
Pest,Visegrád,Gizellatelep,2026
Somogy,Visnye,,7533
Heves,Visonta,,3271
Heves,Visonta,Mátrai Erőmű,3272
Borsod-Abaúj-Zemplén,Viss,,3956
Somogy,Visz,,8681
Vas,Viszák,,9932
Borsod-Abaúj-Zemplén,Viszló,,3825
Heves,Visznek,,3293
Győr-Moson-Sopron,Vitnyéd,,9371
Somogy,Vízvár,,7588
Nógrád,Vizslás,,3128
Borsod-Abaúj-Zemplén,Vizsoly,,3888
Baranya,Vokány,,7768
Zala,Vonyarcvashegy,,8314
Zala,Vöckönd,,8931
Győr-Moson-Sopron,Völcsej,,9462
Vas,Vönöck,,9516
Veszprém,Vöröstó,,8291
Somogy,Vörs,,8711
Nógrád,Zabar,,3124
Baranya,Zádor,,7976
Borsod-Abaúj-Zemplén,Zádorfalva,,3726
Jász-Nagykun-Szolnok,Zagyvarékas,,5051
Heves,Zagyvaszántó,,3031
Szabolcs-Szatmár-Bereg,Záhony,,4625
Zala,Zajk,,8868
Szabolcs-Szatmár-Bereg,Zajta,,4974
Somogy,Zákány,,8852
Somogy,Zákányfalu,,8853
Csongrád-Csanád,Zákányszék,,6787
Somogy,Zala,,8660
Zala,Zalaapáti,,8741
Zala,Zalabaksa,,8971
Zala,Zalabér,,8798
Zala,Zalaboldogfa,,8992
Zala,Zalacsány,,8782
Zala,Zalacséb,,8996
Zala,Zalaegerszeg,Andráshida,8904
Zala,Zalaegerszeg,,8900
Veszprém,Zalaerdőd,,8344
Veszprém,Zalagyömörő,,8349
Veszprém,Zalahaláp,,8308
Zala,Zalaháshágy,,8997
Zala,Zalaigrice,,8761
Zala,Zalaistvánd,,8932
Zala,Zalakaros,,8749
Zala,Zalakomár,Komárváros,8752
Zala,Zalakomár,Kiskomárom,8751
Zala,Zalaköveskút,,8354
Zala,Zalalövő,,8999
Veszprém,Zalameggyes,,8348
Zala,Zalamerenye,,8747
Zala,Zalasárszeg,,8756
Zala,Zalaszabar,,8743
Zala,Zalaszántó,,8353
Veszprém,Zalaszegvár,,8476
Zala,Zalaszentbalázs,,8772
Zala,Zalaszentgrót,Zalakoppány,8785
Zala,Zalaszentgrót,,8790
Zala,Zalaszentgrót,Csáford,8795
Zala,Zalaszentgrót,Zalaudvarnok,8789
Zala,Zalaszentgyörgy,,8994
Zala,Zalaszentiván,,8921
Zala,Zalaszentjakab,,8827
Zala,Zalaszentlászló,,8788
Zala,Zalaszentlőrinc,,8921
Zala,Zalaszentmárton,,8764
Zala,Zalaszentmihály,,8936
Zala,Zalaszombatfa,,8969
Baranya,Zaláta,,7839
Zala,Zalatárnok,,8947
Zala,Zalaújlak,,8822
Zala,Zalavár,,8392
Zala,Zalavég,,8792
Borsod-Abaúj-Zemplén,Zalkod,,3957
Somogy,Zamárdi,,8621
Fejér,Zámoly,,8081
Veszprém,Zánka,,8251
Heves,Zaránk,,3296
Tolna,Závod,,7182
Zala,Zebecke,,8957
Pest,Zebegény,,2627
Borsod-Abaúj-Zemplén,Zemplénagárd,,3977
Baranya,Zengővárkony,,7720
Fejér,Zichyújfalu,,8112
Somogy,Zics,,8672
Borsod-Abaúj-Zemplén,Ziliz,,3794
Somogy,Zimány,,7471
Veszprém,Zirc,,8420
Baranya,Zók,,7671
Tolna,Zomba,,7173
Borsod-Abaúj-Zemplén,Zubogy,,3723
Békés,Zsadány,,5537
Hajdú-Bihar,Zsáka,,4142
Pest,Zsámbék,,2072
Pest,Zsámbok,,2116
Bács-Kiskun,Zsana,,6411
Szabolcs-Szatmár-Bereg,Zsarolyán,,4961
Győr-Moson-Sopron,Zsebeháza,,9346
Vas,Zsédeny,,9635
Somogy,Zselickisfalud,,7477
Somogy,Zselickislak,,7400
Somogy,Zselicszentpál,,7474
Vas,Zsennye,,9766
Győr-Moson-Sopron,Zsira,,9476
Csongrád-Csanád,Zsombó,,6792
Borsod-Abaúj-Zemplén,Zsujta,,3897
Szabolcs-Szatmár-Bereg,Zsurk,,4627
